{
  "1": {
    "freeze": {
      "a_frozen": {
        "n": 300,
        "normal_seq_acc": 0.51,
        "normal_flags_acc": 0.9766666666666667,
        "frozen_seq_acc": 0.49333333333333335,
        "frozen_flags_acc": 0.9766666666666667,
        "seq_deg": 0.016666666666666663,
        "flag_deg": 0.0,
        "mean_cos_sim": 0.9843765936295191
      },
      "b_frozen": {
        "n": 300,
        "normal_seq_acc": 0.5533333333333333,
        "normal_flags_acc": 0.9766666666666667,
        "frozen_seq_acc": 0.5,
        "frozen_flags_acc": 0.9766666666666667,
        "seq_deg": 0.053333333333333344,
        "flag_deg": 0.0,
        "mean_cos_sim": 0.972872432867686
      }
    },
    "property_append": {
      "n": 300,
      "hybrid_pickup_pct": 0.39,
      "full_fresh_pickup_pct": 0.4266666666666667,
      "base_contamination": 0.0,
      "a_flags_preserved_pct": 0.9633333333333334,
      "b_flags_preserved_pct": 0.9566666666666667,
      "hybrid_pickup_a_side": 0.3933333333333333,
      "hybrid_pickup_b_side": 0.38666666666666666
    },
    "attribution": {
      "n": 300,
      "seq_exact_match": 1.0,
      "token_accuracy": 1.0
    }
  },
  "2": {
    "freeze": {
      "a_frozen": {
        "n": 300,
        "normal_seq_acc": 0.43666666666666665,
        "normal_flags_acc": 0.9766666666666667,
        "frozen_seq_acc": 0.49333333333333335,
        "frozen_flags_acc": 0.9766666666666667,
        "seq_deg": -0.0566666666666667,
        "flag_deg": 0.0,
        "mean_cos_sim": 0.9785257222255072
      },
      "b_frozen": {
        "n": 300,
        "normal_seq_acc": 0.48,
        "normal_flags_acc": 0.9766666666666667,
        "frozen_seq_acc": 0.43666666666666665,
        "frozen_flags_acc": 0.9766666666666667,
        "seq_deg": 0.043333333333333335,
        "flag_deg": 0.0,
        "mean_cos_sim": 0.9593713543812434
      }
    },
    "property_append": {
      "n": 300,
      "hybrid_pickup_pct": 0.35333333333333333,
      "full_fresh_pickup_pct": 0.38333333333333336,
      "base_contamination": 0.0,
      "a_flags_preserved_pct": 0.9733333333333334,
      "b_flags_preserved_pct": 0.9766666666666667,
      "hybrid_pickup_a_side": 0.36,
      "hybrid_pickup_b_side": 0.3466666666666667
    },
    "attribution": {
      "n": 300,
      "seq_exact_match": 0.9866666666666667,
      "token_accuracy": 0.996980510568213
    }
  },
  "3": {
    "freeze": {
      "a_frozen": {
        "n": 300,
        "normal_seq_acc": 0.53,
        "normal_flags_acc": 1.0,
        "frozen_seq_acc": 0.5533333333333333,
        "frozen_flags_acc": 1.0,
        "seq_deg": -0.023333333333333317,
        "flag_deg": 0.0,
        "mean_cos_sim": 0.9873847385247548
      },
      "b_frozen": {
        "n": 300,
        "normal_seq_acc": 0.49333333333333335,
        "normal_flags_acc": 1.0,
        "frozen_seq_acc": 0.5633333333333334,
        "frozen_flags_acc": 1.0,
        "seq_deg": -0.07,
        "flag_deg": 0.0,
        "mean_cos_sim": 0.971649305621783
      }
    },
    "property_append": {
      "n": 300,
      "hybrid_pickup_pct": 0.49,
      "full_fresh_pickup_pct": 0.48,
      "base_contamination": 0.0,
      "a_flags_preserved_pct": 0.9733333333333334,
      "b_flags_preserved_pct": 0.95,
      "hybrid_pickup_a_side": 0.49333333333333335,
      "hybrid_pickup_b_side": 0.4866666666666667
    },
    "attribution": {
      "n": 300,
      "seq_exact_match": 0.99,
      "token_accuracy": 0.9989020038429866
    }
  },
  "4": {
    "freeze": {
      "a_frozen": {
        "n": 300,
        "normal_seq_acc": 0.5,
        "normal_flags_acc": 0.9766666666666667,
        "frozen_seq_acc": 0.4866666666666667,
        "frozen_flags_acc": 0.9766666666666667,
        "seq_deg": 0.013333333333333308,
        "flag_deg": 0.0,
        "mean_cos_sim": 0.9744274441401164
      },
      "b_frozen": {
        "n": 300,
        "normal_seq_acc": 0.51,
        "normal_flags_acc": 0.9766666666666667,
        "frozen_seq_acc": 0.49333333333333335,
        "frozen_flags_acc": 0.9766666666666667,
        "seq_deg": 0.016666666666666663,
        "flag_deg": 0.0,
        "mean_cos_sim": 0.9493601767222086
      }
    },
    "property_append": {
      "n": 300,
      "hybrid_pickup_pct": 0.4766666666666667,
      "full_fresh_pickup_pct": 0.49,
      "base_contamination": 0.0,
      "a_flags_preserved_pct": 0.9766666666666667,
      "b_flags_preserved_pct": 0.9533333333333334,
      "hybrid_pickup_a_side": 0.46,
      "hybrid_pickup_b_side": 0.49333333333333335
    },
    "attribution": {
      "n": 300,
      "seq_exact_match": 0.99,
      "token_accuracy": 0.9983530057644798
    }
  },
  "5": {
    "freeze": {
      "a_frozen": {
        "n": 300,
        "normal_seq_acc": 0.57,
        "normal_flags_acc": 1.0,
        "frozen_seq_acc": 0.5333333333333333,
        "frozen_flags_acc": 1.0,
        "seq_deg": 0.036666666666666625,
        "flag_deg": 0.0,
        "mean_cos_sim": 0.9806226927042008
      },
      "b_frozen": {
        "n": 300,
        "normal_seq_acc": 0.55,
        "normal_flags_acc": 1.0,
        "frozen_seq_acc": 0.5433333333333333,
        "frozen_flags_acc": 1.0,
        "seq_deg": 0.00666666666666671,
        "flag_deg": 0.0,
        "mean_cos_sim": 0.9716204561789831
      }
    },
    "property_append": {
      "n": 300,
      "hybrid_pickup_pct": 0.49666666666666665,
      "full_fresh_pickup_pct": 0.49333333333333335,
      "base_contamination": 0.0,
      "a_flags_preserved_pct": 0.9733333333333334,
      "b_flags_preserved_pct": 0.97,
      "hybrid_pickup_a_side": 0.47333333333333333,
      "hybrid_pickup_b_side": 0.52
    },
    "attribution": {
      "n": 300,
      "seq_exact_match": 1.0,
      "token_accuracy": 1.0
    }
  }
}