{
  "1": {
    "ad_swap": {
      "n": 300,
      "fresh_seq_acc": 0.44,
      "swap_seq_acc": 0.4033333333333333,
      "swap_vs_fresh": 0.9166666666666666,
      "fresh_flag_acc": 0.9833333333333333,
      "swap_flag_acc": 0.9833333333333333,
      "left_cos_sim": 0.9999749654531479,
      "right_cos_sim": 0.9961736712853114
    },
    "cb_swap": {
      "n": 300,
      "fresh_seq_acc": 0.5066666666666667,
      "swap_seq_acc": 0.5066666666666667,
      "swap_vs_fresh": 1.0,
      "fresh_flag_acc": 0.9933333333333333,
      "swap_flag_acc": 0.99,
      "left_cos_sim": 0.9999745003382365,
      "right_cos_sim": 0.9961719314257304
    },
    "n_failed_quads": 0
  },
  "2": {
    "ad_swap": {
      "n": 300,
      "fresh_seq_acc": 0.51,
      "swap_seq_acc": 0.5033333333333333,
      "swap_vs_fresh": 0.9869281045751633,
      "fresh_flag_acc": 0.9766666666666667,
      "swap_flag_acc": 0.9766666666666667,
      "left_cos_sim": 0.9999695603052775,
      "right_cos_sim": 0.9971434392531713
    },
    "cb_swap": {
      "n": 300,
      "fresh_seq_acc": 0.47,
      "swap_seq_acc": 0.47,
      "swap_vs_fresh": 1.0,
      "fresh_flag_acc": 0.9833333333333333,
      "swap_flag_acc": 0.9833333333333333,
      "left_cos_sim": 0.9999766055742899,
      "right_cos_sim": 0.997248861193657
    },
    "n_failed_quads": 0
  },
  "3": {
    "ad_swap": {
      "n": 300,
      "fresh_seq_acc": 0.45,
      "swap_seq_acc": 0.45,
      "swap_vs_fresh": 1.0,
      "fresh_flag_acc": 0.9766666666666667,
      "swap_flag_acc": 0.9766666666666667,
      "left_cos_sim": 0.9999950802326203,
      "right_cos_sim": 0.9969794448216757
    },
    "cb_swap": {
      "n": 300,
      "fresh_seq_acc": 0.43333333333333335,
      "swap_seq_acc": 0.43333333333333335,
      "swap_vs_fresh": 1.0,
      "fresh_flag_acc": 0.9833333333333333,
      "swap_flag_acc": 0.9833333333333333,
      "left_cos_sim": 0.9999946757157644,
      "right_cos_sim": 0.9969892191886902
    },
    "n_failed_quads": 0
  },
  "4": {
    "ad_swap": {
      "n": 300,
      "fresh_seq_acc": 0.54,
      "swap_seq_acc": 0.5166666666666667,
      "swap_vs_fresh": 0.9567901234567902,
      "fresh_flag_acc": 0.9766666666666667,
      "swap_flag_acc": 0.9766666666666667,
      "left_cos_sim": 0.9999843609333038,
      "right_cos_sim": 0.99657102227211
    },
    "cb_swap": {
      "n": 300,
      "fresh_seq_acc": 0.53,
      "swap_seq_acc": 0.5133333333333333,
      "swap_vs_fresh": 0.9685534591194968,
      "fresh_flag_acc": 0.9833333333333333,
      "swap_flag_acc": 0.9833333333333333,
      "left_cos_sim": 0.999985165198644,
      "right_cos_sim": 0.9965924706061681
    },
    "n_failed_quads": 0
  },
  "5": {
    "ad_swap": {
      "n": 300,
      "fresh_seq_acc": 0.5166666666666667,
      "swap_seq_acc": 0.5233333333333333,
      "swap_vs_fresh": 1.0129032258064514,
      "fresh_flag_acc": 1.0,
      "swap_flag_acc": 1.0,
      "left_cos_sim": 0.999998017748197,
      "right_cos_sim": 0.9971501817305882
    },
    "cb_swap": {
      "n": 300,
      "fresh_seq_acc": 0.49666666666666665,
      "swap_seq_acc": 0.49,
      "swap_vs_fresh": 0.9865771812080537,
      "fresh_flag_acc": 1.0,
      "swap_flag_acc": 1.0,
      "left_cos_sim": 0.9999977344274521,
      "right_cos_sim": 0.9971074702342352
    },
    "n_failed_quads": 0
  }
}