{
  "1": {
    "n": 300,
    "n_failed": 0,
    "flat_seq_acc": 0.37333333333333335,
    "flat_flag_acc": 0.9466666666666667,
    "flat_partial_acc": 0.9466666666666667,
    "zeroshot_seq_acc": 0.20666666666666667,
    "zeroshot_flag_acc": 0.9833333333333333,
    "zeroshot_partial_acc": 0.9833333333333333,
    "zeroshot_vs_flat": 0.5535714285714285,
    "swap_chain_seq_acc": 0.25666666666666665,
    "swap_chain_flag_acc": 0.9833333333333333,
    "swap_chain_partial_acc": 0.9833333333333333,
    "ab_cos_twobin_vs_flat": 0.9264887617031733
  },
  "2": {
    "n": 300,
    "n_failed": 0,
    "flat_seq_acc": 0.45666666666666667,
    "flat_flag_acc": 0.8933333333333333,
    "flat_partial_acc": 0.8933333333333333,
    "zeroshot_seq_acc": 0.12666666666666668,
    "zeroshot_flag_acc": 0.9266666666666666,
    "zeroshot_partial_acc": 0.9266666666666666,
    "zeroshot_vs_flat": 0.2773722627737227,
    "swap_chain_seq_acc": 0.17333333333333334,
    "swap_chain_flag_acc": 0.92,
    "swap_chain_partial_acc": 0.92,
    "ab_cos_twobin_vs_flat": 0.9413075234492619
  },
  "3": {
    "n": 300,
    "n_failed": 0,
    "flat_seq_acc": 0.3233333333333333,
    "flat_flag_acc": 0.9333333333333333,
    "flat_partial_acc": 0.9333333333333333,
    "zeroshot_seq_acc": 0.18666666666666668,
    "zeroshot_flag_acc": 0.95,
    "zeroshot_partial_acc": 0.95,
    "zeroshot_vs_flat": 0.577319587628866,
    "swap_chain_seq_acc": 0.23666666666666666,
    "swap_chain_flag_acc": 0.95,
    "swap_chain_partial_acc": 0.95,
    "ab_cos_twobin_vs_flat": 0.9430289860566458
  },
  "4": {
    "n": 300,
    "n_failed": 0,
    "flat_seq_acc": 0.2833333333333333,
    "flat_flag_acc": 0.9666666666666667,
    "flat_partial_acc": 0.9666666666666667,
    "zeroshot_seq_acc": 0.22,
    "zeroshot_flag_acc": 1.0,
    "zeroshot_partial_acc": 1.0,
    "zeroshot_vs_flat": 0.7764705882352941,
    "swap_chain_seq_acc": 0.22,
    "swap_chain_flag_acc": 1.0,
    "swap_chain_partial_acc": 1.0,
    "ab_cos_twobin_vs_flat": 0.8460392570495605
  },
  "5": {
    "n": 300,
    "n_failed": 0,
    "flat_seq_acc": 0.36666666666666664,
    "flat_flag_acc": 0.97,
    "flat_partial_acc": 0.97,
    "zeroshot_seq_acc": 0.21,
    "zeroshot_flag_acc": 0.9666666666666667,
    "zeroshot_partial_acc": 0.9666666666666667,
    "zeroshot_vs_flat": 0.5727272727272728,
    "swap_chain_seq_acc": 0.26666666666666666,
    "swap_chain_flag_acc": 0.98,
    "swap_chain_partial_acc": 0.98,
    "ab_cos_twobin_vs_flat": 0.9447712540626526
  }
}