{
  "1": {
    "freeze": {
      "a_frozen": {
        "n": 300,
        "normal_seq_acc": 0.48,
        "normal_flags_acc": 0.98,
        "frozen_seq_acc": 0.49666666666666665,
        "frozen_flags_acc": 0.9766666666666667,
        "seq_deg": -0.016666666666666663,
        "flag_deg": 0.0033333333333332993,
        "mean_cos_sim": 0.9999492927392324
      },
      "b_frozen": {
        "n": 300,
        "normal_seq_acc": 0.52,
        "normal_flags_acc": 0.99,
        "frozen_seq_acc": 0.49,
        "frozen_flags_acc": 0.99,
        "seq_deg": 0.030000000000000027,
        "flag_deg": 0.0,
        "mean_cos_sim": 0.9930907034873963
      }
    },
    "property_append": {
      "n": 300,
      "hybrid_pickup_pct": 0.5366666666666666,
      "full_fresh_pickup_pct": 0.5333333333333333,
      "base_contamination": 0.0,
      "a_flags_preserved_pct": 1.0,
      "b_flags_preserved_pct": 0.9966666666666667,
      "hybrid_pickup_a_side": 0.58,
      "hybrid_pickup_b_side": 0.49333333333333335
    },
    "attribution": {
      "n": 300,
      "seq_exact_match": 0.9833333333333333,
      "token_accuracy": 0.9983530057644798
    }
  },
  "2": {
    "freeze": {
      "a_frozen": {
        "n": 300,
        "normal_seq_acc": 0.51,
        "normal_flags_acc": 0.9766666666666667,
        "frozen_seq_acc": 0.54,
        "frozen_flags_acc": 0.9766666666666667,
        "seq_deg": -0.030000000000000027,
        "flag_deg": 0.0,
        "mean_cos_sim": 0.9999357968568802
      },
      "b_frozen": {
        "n": 300,
        "normal_seq_acc": 0.47333333333333333,
        "normal_flags_acc": 0.9766666666666667,
        "frozen_seq_acc": 0.45,
        "frozen_flags_acc": 0.9766666666666667,
        "seq_deg": 0.023333333333333317,
        "flag_deg": 0.0,
        "mean_cos_sim": 0.994914754430453
      }
    },
    "property_append": {
      "n": 300,
      "hybrid_pickup_pct": 0.5333333333333333,
      "full_fresh_pickup_pct": 0.5733333333333334,
      "base_contamination": 0.0,
      "a_flags_preserved_pct": 0.9433333333333334,
      "b_flags_preserved_pct": 0.8866666666666667,
      "hybrid_pickup_a_side": 0.52,
      "hybrid_pickup_b_side": 0.5466666666666666
    },
    "attribution": {
      "n": 300,
      "seq_exact_match": 0.9933333333333333,
      "token_accuracy": 0.9994510019214933
    }
  },
  "3": {
    "freeze": {
      "a_frozen": {
        "n": 300,
        "normal_seq_acc": 0.49,
        "normal_flags_acc": 0.9766666666666667,
        "frozen_seq_acc": 0.49,
        "frozen_flags_acc": 0.9766666666666667,
        "seq_deg": 0.0,
        "flag_deg": 0.0,
        "mean_cos_sim": 0.9999900126457214
      },
      "b_frozen": {
        "n": 300,
        "normal_seq_acc": 0.43666666666666665,
        "normal_flags_acc": 0.9766666666666667,
        "frozen_seq_acc": 0.43666666666666665,
        "frozen_flags_acc": 0.9766666666666667,
        "seq_deg": 0.0,
        "flag_deg": 0.0,
        "mean_cos_sim": 0.9945391039053599
      }
    },
    "property_append": {
      "n": 300,
      "hybrid_pickup_pct": 0.62,
      "full_fresh_pickup_pct": 0.6133333333333333,
      "base_contamination": 0.0,
      "a_flags_preserved_pct": 0.9766666666666667,
      "b_flags_preserved_pct": 0.9666666666666667,
      "hybrid_pickup_a_side": 0.6133333333333333,
      "hybrid_pickup_b_side": 0.6266666666666667
    },
    "attribution": {
      "n": 300,
      "seq_exact_match": 0.98,
      "token_accuracy": 0.9983530057644798
    }
  },
  "4": {
    "freeze": {
      "a_frozen": {
        "n": 300,
        "normal_seq_acc": 0.5833333333333334,
        "normal_flags_acc": 0.9766666666666667,
        "frozen_seq_acc": 0.5666666666666667,
        "frozen_flags_acc": 0.9766666666666667,
        "seq_deg": 0.01666666666666672,
        "flag_deg": 0.0,
        "mean_cos_sim": 0.9999663919210434
      },
      "b_frozen": {
        "n": 300,
        "normal_seq_acc": 0.5833333333333334,
        "normal_flags_acc": 0.9766666666666667,
        "frozen_seq_acc": 0.5133333333333333,
        "frozen_flags_acc": 0.9766666666666667,
        "seq_deg": 0.07000000000000006,
        "flag_deg": 0.0,
        "mean_cos_sim": 0.9939311361312866
      }
    },
    "property_append": {
      "n": 300,
      "hybrid_pickup_pct": 0.5866666666666667,
      "full_fresh_pickup_pct": 0.59,
      "base_contamination": 0.0,
      "a_flags_preserved_pct": 0.93,
      "b_flags_preserved_pct": 0.9166666666666666,
      "hybrid_pickup_a_side": 0.5933333333333334,
      "hybrid_pickup_b_side": 0.58
    },
    "attribution": {
      "n": 300,
      "seq_exact_match": 0.9833333333333333,
      "token_accuracy": 0.9983530057644798
    }
  },
  "5": {
    "freeze": {
      "a_frozen": {
        "n": 300,
        "normal_seq_acc": 0.4866666666666667,
        "normal_flags_acc": 1.0,
        "frozen_seq_acc": 0.4866666666666667,
        "frozen_flags_acc": 1.0,
        "seq_deg": 0.0,
        "flag_deg": 0.0,
        "mean_cos_sim": 0.9999959874153137
      },
      "b_frozen": {
        "n": 300,
        "normal_seq_acc": 0.51,
        "normal_flags_acc": 1.0,
        "frozen_seq_acc": 0.47333333333333333,
        "frozen_flags_acc": 1.0,
        "seq_deg": 0.03666666666666668,
        "flag_deg": 0.0,
        "mean_cos_sim": 0.9948807803789774
      }
    },
    "property_append": {
      "n": 300,
      "hybrid_pickup_pct": 0.49,
      "full_fresh_pickup_pct": 0.5233333333333333,
      "base_contamination": 0.0,
      "a_flags_preserved_pct": 0.9866666666666667,
      "b_flags_preserved_pct": 0.9833333333333333,
      "hybrid_pickup_a_side": 0.49333333333333335,
      "hybrid_pickup_b_side": 0.4866666666666667
    },
    "attribution": {
      "n": 300,
      "seq_exact_match": 0.9866666666666667,
      "token_accuracy": 0.9986275048037332
    }
  }
}