{
  "1": {
    "freeze": {
      "a_frozen": {
        "n": 300,
        "normal_seq_acc": 0.42,
        "normal_flags_acc": 0.9966666666666667,
        "frozen_seq_acc": 0.42,
        "frozen_flags_acc": 0.9966666666666667,
        "seq_deg": 0.0,
        "flag_deg": 0.0,
        "mean_cos_sim": 0.9999999990065892
      },
      "b_frozen": {
        "n": 300,
        "normal_seq_acc": 0.49333333333333335,
        "normal_flags_acc": 0.9866666666666667,
        "frozen_seq_acc": 0.48,
        "frozen_flags_acc": 0.9866666666666667,
        "seq_deg": 0.013333333333333364,
        "flag_deg": 0.0,
        "mean_cos_sim": 0.9832624940077463
      }
    },
    "property_append": {
      "n": 300,
      "hybrid_pickup_pct": 0.41333333333333333,
      "full_fresh_pickup_pct": 0.42333333333333334,
      "base_contamination": 0.0,
      "a_flags_preserved_pct": 0.9833333333333333,
      "b_flags_preserved_pct": 0.9566666666666667,
      "hybrid_pickup_a_side": 0.4266666666666667,
      "hybrid_pickup_b_side": 0.4
    },
    "attribution": {
      "n": 300,
      "seq_exact_match": 0.9666666666666667,
      "token_accuracy": 0.996980510568213
    }
  },
  "2": {
    "freeze": {
      "a_frozen": {
        "n": 300,
        "normal_seq_acc": 0.4,
        "normal_flags_acc": 0.9766666666666667,
        "frozen_seq_acc": 0.4,
        "frozen_flags_acc": 0.9766666666666667,
        "seq_deg": 0.0,
        "flag_deg": 0.0,
        "mean_cos_sim": 0.9999999978144963
      },
      "b_frozen": {
        "n": 300,
        "normal_seq_acc": 0.39,
        "normal_flags_acc": 0.9766666666666667,
        "frozen_seq_acc": 0.45,
        "frozen_flags_acc": 0.9766666666666667,
        "seq_deg": -0.06,
        "flag_deg": 0.0,
        "mean_cos_sim": 0.9745553636550903
      }
    },
    "property_append": {
      "n": 300,
      "hybrid_pickup_pct": 0.36,
      "full_fresh_pickup_pct": 0.39,
      "base_contamination": 0.0,
      "a_flags_preserved_pct": 0.9766666666666667,
      "b_flags_preserved_pct": 0.98,
      "hybrid_pickup_a_side": 0.36666666666666664,
      "hybrid_pickup_b_side": 0.35333333333333333
    },
    "attribution": {
      "n": 300,
      "seq_exact_match": 0.9733333333333334,
      "token_accuracy": 0.996980510568213
    }
  },
  "3": {
    "freeze": {
      "a_frozen": {
        "n": 300,
        "normal_seq_acc": 0.4866666666666667,
        "normal_flags_acc": 1.0,
        "frozen_seq_acc": 0.4866666666666667,
        "frozen_flags_acc": 1.0,
        "seq_deg": 0.0,
        "flag_deg": 0.0,
        "mean_cos_sim": 0.999999990661939
      },
      "b_frozen": {
        "n": 300,
        "normal_seq_acc": 0.43666666666666665,
        "normal_flags_acc": 1.0,
        "frozen_seq_acc": 0.5,
        "frozen_flags_acc": 1.0,
        "seq_deg": -0.06333333333333335,
        "flag_deg": 0.0,
        "mean_cos_sim": 0.9728107953071594
      }
    },
    "property_append": {
      "n": 300,
      "hybrid_pickup_pct": 0.42,
      "full_fresh_pickup_pct": 0.43,
      "base_contamination": 0.0,
      "a_flags_preserved_pct": 0.9933333333333333,
      "b_flags_preserved_pct": 0.9966666666666667,
      "hybrid_pickup_a_side": 0.43333333333333335,
      "hybrid_pickup_b_side": 0.4066666666666667
    },
    "attribution": {
      "n": 300,
      "seq_exact_match": 0.9133333333333333,
      "token_accuracy": 0.9892945374691189
    }
  },
  "4": {
    "freeze": {
      "a_frozen": {
        "n": 300,
        "normal_seq_acc": 0.5766666666666667,
        "normal_flags_acc": 1.0,
        "frozen_seq_acc": 0.5766666666666667,
        "frozen_flags_acc": 1.0,
        "seq_deg": 0.0,
        "flag_deg": 0.0,
        "mean_cos_sim": 0.9999999992052714
      },
      "b_frozen": {
        "n": 300,
        "normal_seq_acc": 0.57,
        "normal_flags_acc": 1.0,
        "frozen_seq_acc": 0.5366666666666666,
        "frozen_flags_acc": 1.0,
        "seq_deg": 0.033333333333333326,
        "flag_deg": 0.0,
        "mean_cos_sim": 0.9705045221249262
      }
    },
    "property_append": {
      "n": 300,
      "hybrid_pickup_pct": 0.5133333333333333,
      "full_fresh_pickup_pct": 0.52,
      "base_contamination": 0.0,
      "a_flags_preserved_pct": 0.9933333333333333,
      "b_flags_preserved_pct": 0.9733333333333334,
      "hybrid_pickup_a_side": 0.5333333333333333,
      "hybrid_pickup_b_side": 0.49333333333333335
    },
    "attribution": {
      "n": 300,
      "seq_exact_match": 0.9533333333333334,
      "token_accuracy": 0.9942355201756794
    }
  },
  "5": {
    "freeze": {
      "a_frozen": {
        "n": 300,
        "normal_seq_acc": 0.45,
        "normal_flags_acc": 0.9766666666666667,
        "frozen_seq_acc": 0.45,
        "frozen_flags_acc": 0.9766666666666667,
        "seq_deg": 0.0,
        "flag_deg": 0.0,
        "mean_cos_sim": 0.9999999916553497
      },
      "b_frozen": {
        "n": 300,
        "normal_seq_acc": 0.39,
        "normal_flags_acc": 0.9766666666666667,
        "frozen_seq_acc": 0.38666666666666666,
        "frozen_flags_acc": 0.9766666666666667,
        "seq_deg": 0.003333333333333355,
        "flag_deg": 0.0,
        "mean_cos_sim": 0.963796006043752
      }
    },
    "property_append": {
      "n": 300,
      "hybrid_pickup_pct": 0.2633333333333333,
      "full_fresh_pickup_pct": 0.2966666666666667,
      "base_contamination": 0.0,
      "a_flags_preserved_pct": 0.98,
      "b_flags_preserved_pct": 0.98,
      "hybrid_pickup_a_side": 0.32,
      "hybrid_pickup_b_side": 0.20666666666666667
    },
    "attribution": {
      "n": 300,
      "seq_exact_match": 0.9533333333333334,
      "token_accuracy": 0.9936865220971727
    }
  }
}