{
  "1": {
    "freeze": {
      "a_frozen": {
        "n": 300,
        "normal_seq_acc": 0.0,
        "normal_flags_acc": 0.01,
        "frozen_seq_acc": 0.0,
        "frozen_flags_acc": 0.01,
        "seq_deg": 0.0,
        "flag_deg": 0.0,
        "mean_cos_sim": 0.9994503380854924
      },
      "b_frozen": {
        "n": 300,
        "normal_seq_acc": 0.0,
        "normal_flags_acc": 0.01,
        "frozen_seq_acc": 0.0,
        "frozen_flags_acc": 0.013333333333333334,
        "seq_deg": 0.0,
        "flag_deg": -0.003333333333333334,
        "mean_cos_sim": 0.9814378943045934
      }
    },
    "property_append": {
      "n": 300,
      "hybrid_pickup_pct": 0.15,
      "full_fresh_pickup_pct": 0.10666666666666667,
      "base_contamination": 0.15666666666666668,
      "a_flags_preserved_pct": 0.3333333333333333,
      "b_flags_preserved_pct": 0.31333333333333335,
      "hybrid_pickup_a_side": 0.13333333333333333,
      "hybrid_pickup_b_side": 0.16666666666666666
    },
    "attribution": {
      "n": 300,
      "seq_exact_match": 0.0,
      "token_accuracy": 0.03568487510293714
    }
  },
  "2": {
    "freeze": {
      "a_frozen": {
        "n": 300,
        "normal_seq_acc": 0.0,
        "normal_flags_acc": 0.12666666666666668,
        "frozen_seq_acc": 0.0,
        "frozen_flags_acc": 0.10333333333333333,
        "seq_deg": 0.0,
        "flag_deg": 0.023333333333333345,
        "mean_cos_sim": 0.9995779301722845
      },
      "b_frozen": {
        "n": 300,
        "normal_seq_acc": 0.0,
        "normal_flags_acc": 0.05,
        "frozen_seq_acc": 0.0,
        "frozen_flags_acc": 0.06,
        "seq_deg": 0.0,
        "flag_deg": -0.009999999999999995,
        "mean_cos_sim": 0.9809885893265406
      }
    },
    "property_append": {
      "n": 300,
      "hybrid_pickup_pct": 0.10333333333333333,
      "full_fresh_pickup_pct": 0.12,
      "base_contamination": 0.09333333333333334,
      "a_flags_preserved_pct": 0.37333333333333335,
      "b_flags_preserved_pct": 0.35,
      "hybrid_pickup_a_side": 0.08666666666666667,
      "hybrid_pickup_b_side": 0.12
    },
    "attribution": {
      "n": 300,
      "seq_exact_match": 0.006666666666666667,
      "token_accuracy": 0.3897886357397749
    }
  },
  "3": {
    "freeze": {
      "a_frozen": {
        "n": 300,
        "normal_seq_acc": 0.0,
        "normal_flags_acc": 0.043333333333333335,
        "frozen_seq_acc": 0.0,
        "frozen_flags_acc": 0.07,
        "seq_deg": 0.0,
        "flag_deg": -0.026666666666666672,
        "mean_cos_sim": 0.9997828672329585
      },
      "b_frozen": {
        "n": 300,
        "normal_seq_acc": 0.0,
        "normal_flags_acc": 0.043333333333333335,
        "frozen_seq_acc": 0.0,
        "frozen_flags_acc": 0.03333333333333333,
        "seq_deg": 0.0,
        "flag_deg": 0.010000000000000002,
        "mean_cos_sim": 0.9869724198182424
      }
    },
    "property_append": {
      "n": 300,
      "hybrid_pickup_pct": 0.3566666666666667,
      "full_fresh_pickup_pct": 0.38,
      "base_contamination": 0.3433333333333333,
      "a_flags_preserved_pct": 0.5966666666666667,
      "b_flags_preserved_pct": 0.5533333333333333,
      "hybrid_pickup_a_side": 0.35333333333333333,
      "hybrid_pickup_b_side": 0.36
    },
    "attribution": {
      "n": 300,
      "seq_exact_match": 0.0,
      "token_accuracy": 0.0024704913532802636
    }
  },
  "4": {
    "freeze": {
      "a_frozen": {
        "n": 300,
        "normal_seq_acc": 0.0,
        "normal_flags_acc": 0.03333333333333333,
        "frozen_seq_acc": 0.0,
        "frozen_flags_acc": 0.03333333333333333,
        "seq_deg": 0.0,
        "flag_deg": 0.0,
        "mean_cos_sim": 0.9997255295515061
      },
      "b_frozen": {
        "n": 300,
        "normal_seq_acc": 0.0,
        "normal_flags_acc": 0.03,
        "frozen_seq_acc": 0.0,
        "frozen_flags_acc": 0.02666666666666667,
        "seq_deg": 0.0,
        "flag_deg": 0.0033333333333333305,
        "mean_cos_sim": 0.9842675344149272
      }
    },
    "property_append": {
      "n": 300,
      "hybrid_pickup_pct": 0.27666666666666667,
      "full_fresh_pickup_pct": 0.2733333333333333,
      "base_contamination": 0.2966666666666667,
      "a_flags_preserved_pct": 0.46,
      "b_flags_preserved_pct": 0.31666666666666665,
      "hybrid_pickup_a_side": 0.3,
      "hybrid_pickup_b_side": 0.25333333333333335
    },
    "attribution": {
      "n": 300,
      "seq_exact_match": 0.0,
      "token_accuracy": 0.04199835300576448
    }
  },
  "5": {
    "freeze": {
      "a_frozen": {
        "n": 300,
        "normal_seq_acc": 0.0,
        "normal_flags_acc": 0.0,
        "frozen_seq_acc": 0.0,
        "frozen_flags_acc": 0.0,
        "seq_deg": 0.0,
        "flag_deg": 0.0,
        "mean_cos_sim": 0.999616825580597
      },
      "b_frozen": {
        "n": 300,
        "normal_seq_acc": 0.0,
        "normal_flags_acc": 0.013333333333333334,
        "frozen_seq_acc": 0.0,
        "frozen_flags_acc": 0.013333333333333334,
        "seq_deg": 0.0,
        "flag_deg": 0.0,
        "mean_cos_sim": 0.9862645729382833
      }
    },
    "property_append": {
      "n": 300,
      "hybrid_pickup_pct": 0.21666666666666667,
      "full_fresh_pickup_pct": 0.23333333333333334,
      "base_contamination": 0.29,
      "a_flags_preserved_pct": 0.42333333333333334,
      "b_flags_preserved_pct": 0.45,
      "hybrid_pickup_a_side": 0.24666666666666667,
      "hybrid_pickup_b_side": 0.18666666666666668
    },
    "attribution": {
      "n": 300,
      "seq_exact_match": 0.0,
      "token_accuracy": 0.13093604172385398
    }
  }
}