{
  "stage5-seed1": {
    "duplicate_a": {
      "n": 300,
      "normal_acc": 0.83,
      "duped_acc": 0.0,
      "agreement": 0.05333333333333334,
      "cost": 0.83
    },
    "shuffle_a": {
      "n": 300,
      "normal_acc": 0.94,
      "shuffle_acc": 0.94,
      "agreement": 1.0,
      "cost": 0.0
    },
    "corruption": {
      "n": 300,
      "sigmas": [
        0.0,
        0.1,
        0.25,
        0.5,
        1.0,
        2.0
      ],
      "accuracy_by_sigma": {
        "0.0": 0.94,
        "0.1": 0.8566666666666667,
        "0.25": 0.006666666666666667,
        "0.5": 0.0,
        "1.0": 0.0,
        "2.0": 0.0
      }
    },
    "bind_direction": {
      "forward": {
        "n": 145,
        "normal_acc": 0.9241379310344827,
        "frozen_acc": 0.9241379310344827,
        "cost": 0.0,
        "mean_cos_sim": 1.000000011920929
      },
      "reverse": {
        "n": 155,
        "normal_acc": 0.9612903225806452,
        "frozen_acc": 0.9612903225806452,
        "cost": 0.0,
        "mean_cos_sim": 1.0000000130745672
      }
    }
  },
  "stage5-seed2": {
    "duplicate_a": {
      "n": 300,
      "normal_acc": 0.8833333333333333,
      "duped_acc": 0.0,
      "agreement": 0.0,
      "cost": 0.8833333333333333
    },
    "shuffle_a": {
      "n": 300,
      "normal_acc": 0.9566666666666667,
      "shuffle_acc": 0.9566666666666667,
      "agreement": 1.0,
      "cost": 0.0
    },
    "corruption": {
      "n": 300,
      "sigmas": [
        0.0,
        0.1,
        0.25,
        0.5,
        1.0,
        2.0
      ],
      "accuracy_by_sigma": {
        "0.0": 0.9566666666666667,
        "0.1": 0.88,
        "0.25": 0.0033333333333333335,
        "0.5": 0.0,
        "1.0": 0.0,
        "2.0": 0.0
      }
    },
    "bind_direction": {
      "forward": {
        "n": 145,
        "normal_acc": 0.9241379310344827,
        "frozen_acc": 0.9241379310344827,
        "cost": 0.0,
        "mean_cos_sim": 1.0000000094545298
      },
      "reverse": {
        "n": 155,
        "normal_acc": 0.9741935483870968,
        "frozen_acc": 0.9741935483870968,
        "cost": 0.0,
        "mean_cos_sim": 0.999999995769993
      }
    }
  },
  "stage5-seed3": {
    "duplicate_a": {
      "n": 300,
      "normal_acc": 0.8933333333333333,
      "duped_acc": 0.0,
      "agreement": 0.05333333333333334,
      "cost": 0.8933333333333333
    },
    "shuffle_a": {
      "n": 300,
      "normal_acc": 0.9666666666666667,
      "shuffle_acc": 0.9666666666666667,
      "agreement": 1.0,
      "cost": 0.0
    },
    "corruption": {
      "n": 300,
      "sigmas": [
        0.0,
        0.1,
        0.25,
        0.5,
        1.0,
        2.0
      ],
      "accuracy_by_sigma": {
        "0.0": 0.9666666666666667,
        "0.1": 0.91,
        "0.25": 0.01,
        "0.5": 0.0,
        "1.0": 0.0,
        "2.0": 0.0
      }
    },
    "bind_direction": {
      "forward": {
        "n": 145,
        "normal_acc": 0.9793103448275862,
        "frozen_acc": 0.9793103448275862,
        "cost": 0.0,
        "mean_cos_sim": 0.999999973691743
      },
      "reverse": {
        "n": 155,
        "normal_acc": 0.9870967741935484,
        "frozen_acc": 0.9870967741935484,
        "cost": 0.0,
        "mean_cos_sim": 0.9999999876945249
      }
    }
  },
  "stage5-seed4": {
    "duplicate_a": {
      "n": 300,
      "normal_acc": 0.7966666666666666,
      "duped_acc": 0.0,
      "agreement": 0.10333333333333333,
      "cost": 0.7966666666666666
    },
    "shuffle_a": {
      "n": 300,
      "normal_acc": 0.92,
      "shuffle_acc": 0.92,
      "agreement": 1.0,
      "cost": 0.0
    },
    "corruption": {
      "n": 300,
      "sigmas": [
        0.0,
        0.1,
        0.25,
        0.5,
        1.0,
        2.0
      ],
      "accuracy_by_sigma": {
        "0.0": 0.92,
        "0.1": 0.86,
        "0.25": 0.01,
        "0.5": 0.0,
        "1.0": 0.0,
        "2.0": 0.0
      }
    },
    "bind_direction": {
      "forward": {
        "n": 145,
        "normal_acc": 0.9379310344827586,
        "frozen_acc": 0.9379310344827586,
        "cost": 0.0,
        "mean_cos_sim": 1.0000000098655963
      },
      "reverse": {
        "n": 155,
        "normal_acc": 0.9612903225806452,
        "frozen_acc": 0.9612903225806452,
        "cost": 0.0,
        "mean_cos_sim": 0.9999999950009008
      }
    }
  },
  "stage5-seed5": {
    "duplicate_a": {
      "n": 300,
      "normal_acc": 0.83,
      "duped_acc": 0.0,
      "agreement": 0.05333333333333334,
      "cost": 0.83
    },
    "shuffle_a": {
      "n": 300,
      "normal_acc": 0.9433333333333334,
      "shuffle_acc": 0.9433333333333334,
      "agreement": 1.0,
      "cost": 0.0
    },
    "corruption": {
      "n": 300,
      "sigmas": [
        0.0,
        0.1,
        0.25,
        0.5,
        1.0,
        2.0
      ],
      "accuracy_by_sigma": {
        "0.0": 0.9433333333333334,
        "0.1": 0.8633333333333333,
        "0.25": 0.016666666666666666,
        "0.5": 0.0,
        "1.0": 0.0,
        "2.0": 0.0
      }
    },
    "bind_direction": {
      "forward": {
        "n": 145,
        "normal_acc": 0.9793103448275862,
        "frozen_acc": 0.9793103448275862,
        "cost": 0.0,
        "mean_cos_sim": 0.9999999662925457
      },
      "reverse": {
        "n": 155,
        "normal_acc": 0.9548387096774194,
        "frozen_acc": 0.9548387096774194,
        "cost": 0.0,
        "mean_cos_sim": 0.9999999565462913
      }
    }
  }
}