{
  "stage5-seed1": {
    "duplicate_a": {
      "n": 300,
      "normal_acc": 0.9466666666666667,
      "duped_acc": 0.24,
      "agreement": 0.24,
      "cost": 0.7066666666666667
    },
    "shuffle_a": {
      "n": 300,
      "normal_acc": 0.98,
      "shuffle_acc": 0.98,
      "agreement": 1.0,
      "cost": 0.0
    },
    "corruption": {
      "n": 300,
      "sigmas": [
        0.0,
        0.1,
        0.25,
        0.5,
        1.0,
        2.0
      ],
      "accuracy_by_sigma": {
        "0.0": 0.98,
        "0.1": 0.7866666666666666,
        "0.25": 0.006666666666666667,
        "0.5": 0.0,
        "1.0": 0.0,
        "2.0": 0.0
      }
    },
    "bind_direction": {
      "forward": {
        "n": 145,
        "normal_acc": 0.9793103448275862,
        "frozen_acc": 0.9793103448275862,
        "cost": 0.0,
        "mean_cos_sim": 0.9609114379718386
      },
      "reverse": {
        "n": 155,
        "normal_acc": 0.9612903225806452,
        "frozen_acc": 0.8838709677419355,
        "cost": 0.07741935483870968,
        "mean_cos_sim": 0.9323474138013779
      }
    }
  },
  "stage5-seed2": {
    "duplicate_a": {
      "n": 300,
      "normal_acc": 0.9033333333333333,
      "duped_acc": 0.14666666666666667,
      "agreement": 0.24333333333333335,
      "cost": 0.7566666666666667
    },
    "shuffle_a": {
      "n": 300,
      "normal_acc": 0.91,
      "shuffle_acc": 0.91,
      "agreement": 1.0,
      "cost": 0.0
    },
    "corruption": {
      "n": 300,
      "sigmas": [
        0.0,
        0.1,
        0.25,
        0.5,
        1.0,
        2.0
      ],
      "accuracy_by_sigma": {
        "0.0": 0.91,
        "0.1": 0.7733333333333333,
        "0.25": 0.016666666666666666,
        "0.5": 0.0,
        "1.0": 0.0,
        "2.0": 0.0
      }
    },
    "bind_direction": {
      "forward": {
        "n": 145,
        "normal_acc": 0.9448275862068966,
        "frozen_acc": 0.903448275862069,
        "cost": 0.041379310344827586,
        "mean_cos_sim": 0.9234737351022918
      },
      "reverse": {
        "n": 155,
        "normal_acc": 0.9032258064516129,
        "frozen_acc": 0.8709677419354839,
        "cost": 0.03225806451612903,
        "mean_cos_sim": 0.9299692973013847
      }
    }
  },
  "stage5-seed3": {
    "duplicate_a": {
      "n": 300,
      "normal_acc": 0.9533333333333334,
      "duped_acc": 0.1,
      "agreement": 0.14666666666666667,
      "cost": 0.8533333333333334
    },
    "shuffle_a": {
      "n": 300,
      "normal_acc": 0.9533333333333334,
      "shuffle_acc": 0.9533333333333334,
      "agreement": 1.0,
      "cost": 0.0
    },
    "corruption": {
      "n": 300,
      "sigmas": [
        0.0,
        0.1,
        0.25,
        0.5,
        1.0,
        2.0
      ],
      "accuracy_by_sigma": {
        "0.0": 0.9533333333333334,
        "0.1": 0.8533333333333334,
        "0.25": 0.03333333333333333,
        "0.5": 0.0,
        "1.0": 0.0,
        "2.0": 0.0
      }
    },
    "bind_direction": {
      "forward": {
        "n": 145,
        "normal_acc": 0.9310344827586207,
        "frozen_acc": 1.0,
        "cost": -0.06896551724137931,
        "mean_cos_sim": 0.911202376053251
      },
      "reverse": {
        "n": 155,
        "normal_acc": 0.9354838709677419,
        "frozen_acc": 0.896774193548387,
        "cost": 0.03870967741935484,
        "mean_cos_sim": 0.9383678467042984
      }
    }
  },
  "stage5-seed4": {
    "duplicate_a": {
      "n": 300,
      "normal_acc": 1.0,
      "duped_acc": 0.14333333333333334,
      "agreement": 0.14333333333333334,
      "cost": 0.8566666666666667
    },
    "shuffle_a": {
      "n": 300,
      "normal_acc": 0.98,
      "shuffle_acc": 0.98,
      "agreement": 1.0,
      "cost": 0.0
    },
    "corruption": {
      "n": 300,
      "sigmas": [
        0.0,
        0.1,
        0.25,
        0.5,
        1.0,
        2.0
      ],
      "accuracy_by_sigma": {
        "0.0": 0.98,
        "0.1": 0.87,
        "0.25": 0.03333333333333333,
        "0.5": 0.0,
        "1.0": 0.0,
        "2.0": 0.0
      }
    },
    "bind_direction": {
      "forward": {
        "n": 145,
        "normal_acc": 0.9724137931034482,
        "frozen_acc": 0.9241379310344827,
        "cost": 0.04827586206896552,
        "mean_cos_sim": 0.9407247378908354
      },
      "reverse": {
        "n": 155,
        "normal_acc": 0.9354838709677419,
        "frozen_acc": 0.9225806451612903,
        "cost": 0.012903225806451613,
        "mean_cos_sim": 0.944307518005371
      }
    }
  },
  "stage5-seed5": {
    "duplicate_a": {
      "n": 300,
      "normal_acc": 0.9,
      "duped_acc": 0.1,
      "agreement": 0.1,
      "cost": 0.8
    },
    "shuffle_a": {
      "n": 300,
      "normal_acc": 0.95,
      "shuffle_acc": 0.95,
      "agreement": 1.0,
      "cost": 0.0
    },
    "corruption": {
      "n": 300,
      "sigmas": [
        0.0,
        0.1,
        0.25,
        0.5,
        1.0,
        2.0
      ],
      "accuracy_by_sigma": {
        "0.0": 0.95,
        "0.1": 0.8566666666666667,
        "0.25": 0.02666666666666667,
        "0.5": 0.0,
        "1.0": 0.0,
        "2.0": 0.0
      }
    },
    "bind_direction": {
      "forward": {
        "n": 145,
        "normal_acc": 0.9241379310344827,
        "frozen_acc": 0.9793103448275862,
        "cost": -0.05517241379310345,
        "mean_cos_sim": 0.9241654305622495
      },
      "reverse": {
        "n": 155,
        "normal_acc": 0.9354838709677419,
        "frozen_acc": 0.9290322580645162,
        "cost": 0.0064516129032258064,
        "mean_cos_sim": 0.9361026948498141
      }
    }
  }
}