{
  "1": {
    "n": 300,
    "n_failed": 0,
    "flat_seq_acc": 0.5,
    "flat_flag_acc": 0.8866666666666667,
    "flat_partial_acc": 0.8866666666666667,
    "zeroshot_seq_acc": 0.18333333333333332,
    "zeroshot_flag_acc": 0.96,
    "zeroshot_partial_acc": 0.96,
    "zeroshot_vs_flat": 0.36666666666666664,
    "swap_chain_seq_acc": 0.16333333333333333,
    "swap_chain_flag_acc": 0.9633333333333334,
    "swap_chain_partial_acc": 0.9633333333333334,
    "ab_cos_twobin_vs_flat": 0.824009261727333
  },
  "2": {
    "n": 300,
    "n_failed": 0,
    "flat_seq_acc": 0.43333333333333335,
    "flat_flag_acc": 0.9533333333333334,
    "flat_partial_acc": 0.9533333333333334,
    "zeroshot_seq_acc": 0.10666666666666667,
    "zeroshot_flag_acc": 0.9833333333333333,
    "zeroshot_partial_acc": 0.9833333333333333,
    "zeroshot_vs_flat": 0.24615384615384617,
    "swap_chain_seq_acc": 0.12,
    "swap_chain_flag_acc": 0.99,
    "swap_chain_partial_acc": 0.99,
    "ab_cos_twobin_vs_flat": 0.8175875049829483
  },
  "3": {
    "n": 300,
    "n_failed": 0,
    "flat_seq_acc": 0.45666666666666667,
    "flat_flag_acc": 0.8866666666666667,
    "flat_partial_acc": 0.8866666666666667,
    "zeroshot_seq_acc": 0.2633333333333333,
    "zeroshot_flag_acc": 0.9666666666666667,
    "zeroshot_partial_acc": 0.9733333333333334,
    "zeroshot_vs_flat": 0.5766423357664233,
    "swap_chain_seq_acc": 0.33,
    "swap_chain_flag_acc": 0.9733333333333334,
    "swap_chain_partial_acc": 0.9733333333333334,
    "ab_cos_twobin_vs_flat": 0.8388669353723526
  },
  "4": {
    "n": 300,
    "n_failed": 0,
    "flat_seq_acc": 0.43,
    "flat_flag_acc": 0.9633333333333334,
    "flat_partial_acc": 0.9633333333333334,
    "zeroshot_seq_acc": 0.18,
    "zeroshot_flag_acc": 0.9833333333333333,
    "zeroshot_partial_acc": 0.9833333333333333,
    "zeroshot_vs_flat": 0.41860465116279066,
    "swap_chain_seq_acc": 0.21333333333333335,
    "swap_chain_flag_acc": 0.9866666666666667,
    "swap_chain_partial_acc": 0.9866666666666667,
    "ab_cos_twobin_vs_flat": 0.7844745635986328
  },
  "5": {
    "n": 300,
    "n_failed": 0,
    "flat_seq_acc": 0.45,
    "flat_flag_acc": 0.8933333333333333,
    "flat_partial_acc": 0.8933333333333333,
    "zeroshot_seq_acc": 0.11333333333333333,
    "zeroshot_flag_acc": 0.97,
    "zeroshot_partial_acc": 0.97,
    "zeroshot_vs_flat": 0.2518518518518518,
    "swap_chain_seq_acc": 0.13333333333333333,
    "swap_chain_flag_acc": 0.9733333333333334,
    "swap_chain_partial_acc": 0.9733333333333334,
    "ab_cos_twobin_vs_flat": 0.8443524857362111
  }
}