{
  "1": {
    "freeze": {
      "a_frozen": {
        "n": 300,
        "normal_seq_acc": 0.0,
        "normal_flags_acc": 0.15666666666666668,
        "frozen_seq_acc": 0.0,
        "frozen_flags_acc": 0.15666666666666668,
        "seq_deg": 0.0,
        "flag_deg": 0.0,
        "mean_cos_sim": 0.9994716036319733
      },
      "b_frozen": {
        "n": 300,
        "normal_seq_acc": 0.0,
        "normal_flags_acc": 0.09,
        "frozen_seq_acc": 0.0,
        "frozen_flags_acc": 0.09,
        "seq_deg": 0.0,
        "flag_deg": 0.0,
        "mean_cos_sim": 0.988821928302447
      }
    },
    "property_append": {
      "n": 300,
      "hybrid_pickup_pct": 0.06666666666666667,
      "full_fresh_pickup_pct": 0.06333333333333334,
      "base_contamination": 0.06,
      "a_flags_preserved_pct": 0.38,
      "b_flags_preserved_pct": 0.31666666666666665,
      "hybrid_pickup_a_side": 0.06,
      "hybrid_pickup_b_side": 0.07333333333333333
    },
    "attribution": {
      "n": 300,
      "seq_exact_match": 0.0,
      "token_accuracy": 0.06148778479275323
    }
  },
  "2": {
    "freeze": {
      "a_frozen": {
        "n": 300,
        "normal_seq_acc": 0.0,
        "normal_flags_acc": 0.04666666666666667,
        "frozen_seq_acc": 0.0,
        "frozen_flags_acc": 0.04666666666666667,
        "seq_deg": 0.0,
        "flag_deg": 0.0,
        "mean_cos_sim": 0.9997674026091894
      },
      "b_frozen": {
        "n": 300,
        "normal_seq_acc": 0.0,
        "normal_flags_acc": 0.05,
        "frozen_seq_acc": 0.0,
        "frozen_flags_acc": 0.05,
        "seq_deg": 0.0,
        "flag_deg": 0.0,
        "mean_cos_sim": 0.9942676029602686
      }
    },
    "property_append": {
      "n": 300,
      "hybrid_pickup_pct": 0.09666666666666666,
      "full_fresh_pickup_pct": 0.07666666666666666,
      "base_contamination": 0.11,
      "a_flags_preserved_pct": 0.2833333333333333,
      "b_flags_preserved_pct": 0.3,
      "hybrid_pickup_a_side": 0.08,
      "hybrid_pickup_b_side": 0.11333333333333333
    },
    "attribution": {
      "n": 300,
      "seq_exact_match": 0.0,
      "token_accuracy": 0.11144660993686523
    }
  },
  "3": {
    "freeze": {
      "a_frozen": {
        "n": 300,
        "normal_seq_acc": 0.0,
        "normal_flags_acc": 0.07,
        "frozen_seq_acc": 0.0,
        "frozen_flags_acc": 0.07,
        "seq_deg": 0.0,
        "flag_deg": 0.0,
        "mean_cos_sim": 0.9997581205765407
      },
      "b_frozen": {
        "n": 300,
        "normal_seq_acc": 0.0,
        "normal_flags_acc": 0.05333333333333334,
        "frozen_seq_acc": 0.0,
        "frozen_flags_acc": 0.05333333333333334,
        "seq_deg": 0.0,
        "flag_deg": 0.0,
        "mean_cos_sim": 0.9943387383222579
      }
    },
    "property_append": {
      "n": 300,
      "hybrid_pickup_pct": 0.0,
      "full_fresh_pickup_pct": 0.0,
      "base_contamination": 0.0,
      "a_flags_preserved_pct": 0.2733333333333333,
      "b_flags_preserved_pct": 0.25333333333333335,
      "hybrid_pickup_a_side": 0.0,
      "hybrid_pickup_b_side": 0.0
    },
    "attribution": {
      "n": 300,
      "seq_exact_match": 0.0,
      "token_accuracy": 0.21822673620642327
    }
  },
  "4": {
    "freeze": {
      "a_frozen": {
        "n": 300,
        "normal_seq_acc": 0.0,
        "normal_flags_acc": 0.03,
        "frozen_seq_acc": 0.0,
        "frozen_flags_acc": 0.03,
        "seq_deg": 0.0,
        "flag_deg": 0.0,
        "mean_cos_sim": 0.9996320182085037
      },
      "b_frozen": {
        "n": 300,
        "normal_seq_acc": 0.0,
        "normal_flags_acc": 0.03333333333333333,
        "frozen_seq_acc": 0.0,
        "frozen_flags_acc": 0.03333333333333333,
        "seq_deg": 0.0,
        "flag_deg": 0.0,
        "mean_cos_sim": 0.9945228064060211
      }
    },
    "property_append": {
      "n": 300,
      "hybrid_pickup_pct": 0.09333333333333334,
      "full_fresh_pickup_pct": 0.04,
      "base_contamination": 0.06666666666666667,
      "a_flags_preserved_pct": 0.38666666666666666,
      "b_flags_preserved_pct": 0.29,
      "hybrid_pickup_a_side": 0.11333333333333333,
      "hybrid_pickup_b_side": 0.07333333333333333
    },
    "attribution": {
      "n": 300,
      "seq_exact_match": 0.0,
      "token_accuracy": 0.30881141916003296
    }
  },
  "5": {
    "freeze": {
      "a_frozen": {
        "n": 300,
        "normal_seq_acc": 0.0,
        "normal_flags_acc": 0.0,
        "frozen_seq_acc": 0.0,
        "frozen_flags_acc": 0.0,
        "seq_deg": 0.0,
        "flag_deg": 0.0,
        "mean_cos_sim": 0.999344486395518
      },
      "b_frozen": {
        "n": 300,
        "normal_seq_acc": 0.0,
        "normal_flags_acc": 0.0,
        "frozen_seq_acc": 0.0,
        "frozen_flags_acc": 0.0,
        "seq_deg": 0.0,
        "flag_deg": 0.0,
        "mean_cos_sim": 0.9930056490500768
      }
    },
    "property_append": {
      "n": 300,
      "hybrid_pickup_pct": 0.34,
      "full_fresh_pickup_pct": 0.32666666666666666,
      "base_contamination": 0.30666666666666664,
      "a_flags_preserved_pct": 0.44666666666666666,
      "b_flags_preserved_pct": 0.3466666666666667,
      "hybrid_pickup_a_side": 0.36666666666666664,
      "hybrid_pickup_b_side": 0.31333333333333335
    },
    "attribution": {
      "n": 300,
      "seq_exact_match": 0.0,
      "token_accuracy": 0.12736755421356025
    }
  }
}