{
  "1": {
    "freeze": {
      "a_frozen": {
        "n": 300,
        "normal_seq_acc": 0.57,
        "normal_flags_acc": 1.0,
        "frozen_seq_acc": 0.64,
        "frozen_flags_acc": 0.9733333333333334,
        "seq_deg": -0.07000000000000006,
        "flag_deg": 0.026666666666666616,
        "mean_cos_sim": 0.946345796585083
      },
      "b_frozen": {
        "n": 300,
        "normal_seq_acc": 0.6,
        "normal_flags_acc": 1.0,
        "frozen_seq_acc": 0.2966666666666667,
        "frozen_flags_acc": 0.95,
        "seq_deg": 0.3033333333333333,
        "flag_deg": 0.050000000000000044,
        "mean_cos_sim": 0.9338950045903524
      }
    },
    "property_append": {
      "n": 300,
      "hybrid_pickup_pct": 0.5766666666666667,
      "full_fresh_pickup_pct": 0.6166666666666667,
      "base_contamination": 0.0,
      "a_flags_preserved_pct": 1.0,
      "b_flags_preserved_pct": 1.0,
      "hybrid_pickup_a_side": 0.6133333333333333,
      "hybrid_pickup_b_side": 0.54
    },
    "attribution": {
      "n": 300,
      "seq_exact_match": 0.4766666666666667,
      "token_accuracy": 0.8921218775734285
    }
  },
  "2": {
    "freeze": {
      "a_frozen": {
        "n": 300,
        "normal_seq_acc": 0.53,
        "normal_flags_acc": 1.0,
        "frozen_seq_acc": 0.7466666666666667,
        "frozen_flags_acc": 1.0,
        "seq_deg": -0.21666666666666667,
        "flag_deg": 0.0,
        "mean_cos_sim": 0.9638568689425786
      },
      "b_frozen": {
        "n": 300,
        "normal_seq_acc": 0.6,
        "normal_flags_acc": 1.0,
        "frozen_seq_acc": 0.30666666666666664,
        "frozen_flags_acc": 1.0,
        "seq_deg": 0.29333333333333333,
        "flag_deg": 0.0,
        "mean_cos_sim": 0.9503230516115825
      }
    },
    "property_append": {
      "n": 300,
      "hybrid_pickup_pct": 0.5033333333333333,
      "full_fresh_pickup_pct": 0.5333333333333333,
      "base_contamination": 0.0,
      "a_flags_preserved_pct": 1.0,
      "b_flags_preserved_pct": 1.0,
      "hybrid_pickup_a_side": 0.54,
      "hybrid_pickup_b_side": 0.4666666666666667
    },
    "attribution": {
      "n": 300,
      "seq_exact_match": 0.51,
      "token_accuracy": 0.9176502882239912
    }
  },
  "3": {
    "freeze": {
      "a_frozen": {
        "n": 300,
        "normal_seq_acc": 0.5033333333333333,
        "normal_flags_acc": 1.0,
        "frozen_seq_acc": 0.7366666666666667,
        "frozen_flags_acc": 1.0,
        "seq_deg": -0.2333333333333334,
        "flag_deg": 0.0,
        "mean_cos_sim": 0.9688554879029592
      },
      "b_frozen": {
        "n": 300,
        "normal_seq_acc": 0.49666666666666665,
        "normal_flags_acc": 1.0,
        "frozen_seq_acc": 0.3333333333333333,
        "frozen_flags_acc": 0.9866666666666667,
        "seq_deg": 0.16333333333333333,
        "flag_deg": 0.013333333333333308,
        "mean_cos_sim": 0.9633769009510676
      }
    },
    "property_append": {
      "n": 300,
      "hybrid_pickup_pct": 0.7133333333333334,
      "full_fresh_pickup_pct": 0.75,
      "base_contamination": 0.0,
      "a_flags_preserved_pct": 1.0,
      "b_flags_preserved_pct": 1.0,
      "hybrid_pickup_a_side": 0.74,
      "hybrid_pickup_b_side": 0.6866666666666666
    },
    "attribution": {
      "n": 300,
      "seq_exact_match": 0.48,
      "token_accuracy": 0.909140818007137
    }
  },
  "4": {
    "freeze": {
      "a_frozen": {
        "n": 300,
        "normal_seq_acc": 0.5333333333333333,
        "normal_flags_acc": 1.0,
        "frozen_seq_acc": 0.6833333333333333,
        "frozen_flags_acc": 0.9733333333333334,
        "seq_deg": -0.15000000000000002,
        "flag_deg": 0.026666666666666616,
        "mean_cos_sim": 0.9546328616142273
      },
      "b_frozen": {
        "n": 300,
        "normal_seq_acc": 0.5533333333333333,
        "normal_flags_acc": 1.0,
        "frozen_seq_acc": 0.27,
        "frozen_flags_acc": 0.9566666666666667,
        "seq_deg": 0.2833333333333333,
        "flag_deg": 0.043333333333333335,
        "mean_cos_sim": 0.9435394326845805
      }
    },
    "property_append": {
      "n": 300,
      "hybrid_pickup_pct": 0.6733333333333333,
      "full_fresh_pickup_pct": 0.7066666666666667,
      "base_contamination": 0.0,
      "a_flags_preserved_pct": 1.0,
      "b_flags_preserved_pct": 1.0,
      "hybrid_pickup_a_side": 0.72,
      "hybrid_pickup_b_side": 0.6266666666666667
    },
    "attribution": {
      "n": 300,
      "seq_exact_match": 0.44666666666666666,
      "token_accuracy": 0.9052978314575899
    }
  },
  "5": {
    "freeze": {
      "a_frozen": {
        "n": 300,
        "normal_seq_acc": 0.6733333333333333,
        "normal_flags_acc": 1.0,
        "frozen_seq_acc": 0.8366666666666667,
        "frozen_flags_acc": 1.0,
        "seq_deg": -0.16333333333333333,
        "flag_deg": 0.0,
        "mean_cos_sim": 0.9538643074035644
      },
      "b_frozen": {
        "n": 300,
        "normal_seq_acc": 0.61,
        "normal_flags_acc": 1.0,
        "frozen_seq_acc": 0.25333333333333335,
        "frozen_flags_acc": 0.9633333333333334,
        "seq_deg": 0.35666666666666663,
        "flag_deg": 0.036666666666666625,
        "mean_cos_sim": 0.9278804530700048
      }
    },
    "property_append": {
      "n": 300,
      "hybrid_pickup_pct": 0.5,
      "full_fresh_pickup_pct": 0.51,
      "base_contamination": 0.0,
      "a_flags_preserved_pct": 1.0,
      "b_flags_preserved_pct": 1.0,
      "hybrid_pickup_a_side": 0.5266666666666666,
      "hybrid_pickup_b_side": 0.47333333333333333
    },
    "attribution": {
      "n": 300,
      "seq_exact_match": 0.46,
      "token_accuracy": 0.9149052978314576
    }
  }
}