{
  "1": {
    "freeze": {
      "a_frozen": {
        "n": 300,
        "normal_seq_acc": 0.6366666666666667,
        "normal_flags_acc": 1.0,
        "frozen_seq_acc": 0.7066666666666667,
        "frozen_flags_acc": 0.9733333333333334,
        "seq_deg": -0.06999999999999995,
        "flag_deg": 0.026666666666666616,
        "mean_cos_sim": 0.9429492588837941
      },
      "b_frozen": {
        "n": 300,
        "normal_seq_acc": 0.6133333333333333,
        "normal_flags_acc": 1.0,
        "frozen_seq_acc": 0.4,
        "frozen_flags_acc": 0.9633333333333334,
        "seq_deg": 0.21333333333333326,
        "flag_deg": 0.036666666666666625,
        "mean_cos_sim": 0.9166602951288223
      }
    },
    "property_append": {
      "n": 300,
      "hybrid_pickup_pct": 0.42333333333333334,
      "full_fresh_pickup_pct": 0.44333333333333336,
      "base_contamination": 0.0,
      "a_flags_preserved_pct": 1.0,
      "b_flags_preserved_pct": 1.0,
      "hybrid_pickup_a_side": 0.5,
      "hybrid_pickup_b_side": 0.3466666666666667
    },
    "attribution": {
      "n": 300,
      "seq_exact_match": 0.9333333333333333,
      "token_accuracy": 0.9903925336261323
    }
  },
  "2": {
    "freeze": {
      "a_frozen": {
        "n": 300,
        "normal_seq_acc": 0.5666666666666667,
        "normal_flags_acc": 0.9766666666666667,
        "frozen_seq_acc": 0.6133333333333333,
        "frozen_flags_acc": 0.98,
        "seq_deg": -0.046666666666666634,
        "flag_deg": -0.0033333333333332993,
        "mean_cos_sim": 0.9327676886320114
      },
      "b_frozen": {
        "n": 300,
        "normal_seq_acc": 0.49666666666666665,
        "normal_flags_acc": 0.9766666666666667,
        "frozen_seq_acc": 0.44333333333333336,
        "frozen_flags_acc": 0.97,
        "seq_deg": 0.05333333333333329,
        "flag_deg": 0.00666666666666671,
        "mean_cos_sim": 0.8897945060332616
      }
    },
    "property_append": {
      "n": 300,
      "hybrid_pickup_pct": 0.37666666666666665,
      "full_fresh_pickup_pct": 0.45666666666666667,
      "base_contamination": 0.0,
      "a_flags_preserved_pct": 0.9766666666666667,
      "b_flags_preserved_pct": 0.9766666666666667,
      "hybrid_pickup_a_side": 0.41333333333333333,
      "hybrid_pickup_b_side": 0.34
    },
    "attribution": {
      "n": 300,
      "seq_exact_match": 0.9733333333333334,
      "token_accuracy": 0.996980510568213
    }
  },
  "3": {
    "freeze": {
      "a_frozen": {
        "n": 300,
        "normal_seq_acc": 0.5033333333333333,
        "normal_flags_acc": 0.9766666666666667,
        "frozen_seq_acc": 0.5966666666666667,
        "frozen_flags_acc": 0.9766666666666667,
        "seq_deg": -0.09333333333333338,
        "flag_deg": 0.0,
        "mean_cos_sim": 0.899781361023585
      },
      "b_frozen": {
        "n": 300,
        "normal_seq_acc": 0.49666666666666665,
        "normal_flags_acc": 0.9766666666666667,
        "frozen_seq_acc": 0.36666666666666664,
        "frozen_flags_acc": 0.95,
        "seq_deg": 0.13,
        "flag_deg": 0.026666666666666727,
        "mean_cos_sim": 0.8645015970865886
      }
    },
    "property_append": {
      "n": 300,
      "hybrid_pickup_pct": 0.48,
      "full_fresh_pickup_pct": 0.5133333333333333,
      "base_contamination": 0.0,
      "a_flags_preserved_pct": 0.9766666666666667,
      "b_flags_preserved_pct": 0.9766666666666667,
      "hybrid_pickup_a_side": 0.48,
      "hybrid_pickup_b_side": 0.48
    },
    "attribution": {
      "n": 300,
      "seq_exact_match": 0.98,
      "token_accuracy": 0.9978040076859731
    }
  },
  "4": {
    "freeze": {
      "a_frozen": {
        "n": 300,
        "normal_seq_acc": 0.5966666666666667,
        "normal_flags_acc": 0.9966666666666667,
        "frozen_seq_acc": 0.63,
        "frozen_flags_acc": 0.97,
        "seq_deg": -0.033333333333333326,
        "flag_deg": 0.026666666666666727,
        "mean_cos_sim": 0.9241159564256668
      },
      "b_frozen": {
        "n": 300,
        "normal_seq_acc": 0.6,
        "normal_flags_acc": 0.9866666666666667,
        "frozen_seq_acc": 0.45666666666666667,
        "frozen_flags_acc": 0.9566666666666667,
        "seq_deg": 0.1433333333333333,
        "flag_deg": 0.030000000000000027,
        "mean_cos_sim": 0.9008073088526726
      }
    },
    "property_append": {
      "n": 300,
      "hybrid_pickup_pct": 0.3466666666666667,
      "full_fresh_pickup_pct": 0.36333333333333334,
      "base_contamination": 0.0,
      "a_flags_preserved_pct": 0.99,
      "b_flags_preserved_pct": 0.99,
      "hybrid_pickup_a_side": 0.3933333333333333,
      "hybrid_pickup_b_side": 0.3
    },
    "attribution": {
      "n": 300,
      "seq_exact_match": 0.9733333333333334,
      "token_accuracy": 0.9967060115289597
    }
  },
  "5": {
    "freeze": {
      "a_frozen": {
        "n": 300,
        "normal_seq_acc": 0.5866666666666667,
        "normal_flags_acc": 0.9766666666666667,
        "frozen_seq_acc": 0.63,
        "frozen_flags_acc": 0.94,
        "seq_deg": -0.043333333333333335,
        "flag_deg": 0.036666666666666736,
        "mean_cos_sim": 0.9349294416109721
      },
      "b_frozen": {
        "n": 300,
        "normal_seq_acc": 0.5966666666666667,
        "normal_flags_acc": 0.9766666666666667,
        "frozen_seq_acc": 0.4266666666666667,
        "frozen_flags_acc": 0.9433333333333334,
        "seq_deg": 0.16999999999999998,
        "flag_deg": 0.033333333333333326,
        "mean_cos_sim": 0.9126491810878118
      }
    },
    "property_append": {
      "n": 300,
      "hybrid_pickup_pct": 0.64,
      "full_fresh_pickup_pct": 0.6966666666666667,
      "base_contamination": 0.0,
      "a_flags_preserved_pct": 0.9766666666666667,
      "b_flags_preserved_pct": 0.9766666666666667,
      "hybrid_pickup_a_side": 0.66,
      "hybrid_pickup_b_side": 0.62
    },
    "attribution": {
      "n": 300,
      "seq_exact_match": 0.97,
      "token_accuracy": 0.9953335163326928
    }
  }
}