{
  "1": {
    "freeze": {
      "a_frozen": {
        "n": 300,
        "normal_seq_acc": 0.5033333333333333,
        "normal_flags_acc": 0.98,
        "frozen_seq_acc": 0.5033333333333333,
        "frozen_flags_acc": 0.98,
        "seq_deg": 0.0,
        "flag_deg": 0.0,
        "mean_cos_sim": 0.9999425522486369
      },
      "b_frozen": {
        "n": 300,
        "normal_seq_acc": 0.5166666666666667,
        "normal_flags_acc": 0.99,
        "frozen_seq_acc": 0.44666666666666666,
        "frozen_flags_acc": 0.99,
        "seq_deg": 0.07000000000000006,
        "flag_deg": 0.0,
        "mean_cos_sim": 0.9949661888678869
      }
    },
    "property_append": {
      "n": 300,
      "hybrid_pickup_pct": 0.38333333333333336,
      "full_fresh_pickup_pct": 0.4033333333333333,
      "base_contamination": 0.0,
      "a_flags_preserved_pct": 0.9733333333333334,
      "b_flags_preserved_pct": 0.9533333333333334,
      "hybrid_pickup_a_side": 0.4,
      "hybrid_pickup_b_side": 0.36666666666666664
    },
    "attribution": {
      "n": 300,
      "seq_exact_match": 0.9366666666666666,
      "token_accuracy": 0.9923140269009059
    }
  },
  "2": {
    "freeze": {
      "a_frozen": {
        "n": 300,
        "normal_seq_acc": 0.5533333333333333,
        "normal_flags_acc": 0.9766666666666667,
        "frozen_seq_acc": 0.5533333333333333,
        "frozen_flags_acc": 0.9766666666666667,
        "seq_deg": 0.0,
        "flag_deg": 0.0,
        "mean_cos_sim": 0.9999825231234233
      },
      "b_frozen": {
        "n": 300,
        "normal_seq_acc": 0.5066666666666667,
        "normal_flags_acc": 0.9766666666666667,
        "frozen_seq_acc": 0.47333333333333333,
        "frozen_flags_acc": 0.9766666666666667,
        "seq_deg": 0.03333333333333338,
        "flag_deg": 0.0,
        "mean_cos_sim": 0.9961862472693125
      }
    },
    "property_append": {
      "n": 300,
      "hybrid_pickup_pct": 0.35333333333333333,
      "full_fresh_pickup_pct": 0.37666666666666665,
      "base_contamination": 0.0,
      "a_flags_preserved_pct": 0.9633333333333334,
      "b_flags_preserved_pct": 0.9633333333333334,
      "hybrid_pickup_a_side": 0.36,
      "hybrid_pickup_b_side": 0.3466666666666667
    },
    "attribution": {
      "n": 300,
      "seq_exact_match": 0.9666666666666667,
      "token_accuracy": 0.9972550096074664
    }
  },
  "3": {
    "freeze": {
      "a_frozen": {
        "n": 300,
        "normal_seq_acc": 0.49,
        "normal_flags_acc": 0.98,
        "frozen_seq_acc": 0.49,
        "frozen_flags_acc": 0.9766666666666667,
        "seq_deg": 0.0,
        "flag_deg": 0.0033333333333332993,
        "mean_cos_sim": 0.999925144513448
      },
      "b_frozen": {
        "n": 300,
        "normal_seq_acc": 0.5233333333333333,
        "normal_flags_acc": 0.99,
        "frozen_seq_acc": 0.5133333333333333,
        "frozen_flags_acc": 0.9766666666666667,
        "seq_deg": 0.010000000000000009,
        "flag_deg": 0.013333333333333308,
        "mean_cos_sim": 0.9941358123222986
      }
    },
    "property_append": {
      "n": 300,
      "hybrid_pickup_pct": 0.49666666666666665,
      "full_fresh_pickup_pct": 0.51,
      "base_contamination": 0.0,
      "a_flags_preserved_pct": 0.97,
      "b_flags_preserved_pct": 0.97,
      "hybrid_pickup_a_side": 0.5,
      "hybrid_pickup_b_side": 0.49333333333333335
    },
    "attribution": {
      "n": 300,
      "seq_exact_match": 0.9666666666666667,
      "token_accuracy": 0.9964315124897063
    }
  },
  "4": {
    "freeze": {
      "a_frozen": {
        "n": 300,
        "normal_seq_acc": 0.54,
        "normal_flags_acc": 0.9766666666666667,
        "frozen_seq_acc": 0.54,
        "frozen_flags_acc": 0.9766666666666667,
        "seq_deg": 0.0,
        "flag_deg": 0.0,
        "mean_cos_sim": 0.9999675633509953
      },
      "b_frozen": {
        "n": 300,
        "normal_seq_acc": 0.53,
        "normal_flags_acc": 0.9766666666666667,
        "frozen_seq_acc": 0.5433333333333333,
        "frozen_flags_acc": 0.9766666666666667,
        "seq_deg": -0.013333333333333308,
        "flag_deg": 0.0,
        "mean_cos_sim": 0.9922949955860774
      }
    },
    "property_append": {
      "n": 300,
      "hybrid_pickup_pct": 0.38666666666666666,
      "full_fresh_pickup_pct": 0.38333333333333336,
      "base_contamination": 0.0,
      "a_flags_preserved_pct": 0.98,
      "b_flags_preserved_pct": 0.97,
      "hybrid_pickup_a_side": 0.38666666666666666,
      "hybrid_pickup_b_side": 0.38666666666666666
    },
    "attribution": {
      "n": 300,
      "seq_exact_match": 0.9233333333333333,
      "token_accuracy": 0.9909415317046391
    }
  },
  "5": {
    "freeze": {
      "a_frozen": {
        "n": 300,
        "normal_seq_acc": 0.34,
        "normal_flags_acc": 1.0,
        "frozen_seq_acc": 0.36,
        "frozen_flags_acc": 1.0,
        "seq_deg": -0.019999999999999962,
        "flag_deg": 0.0,
        "mean_cos_sim": 0.9999554721514384
      },
      "b_frozen": {
        "n": 300,
        "normal_seq_acc": 0.38333333333333336,
        "normal_flags_acc": 1.0,
        "frozen_seq_acc": 0.4,
        "frozen_flags_acc": 1.0,
        "seq_deg": -0.016666666666666663,
        "flag_deg": 0.0,
        "mean_cos_sim": 0.9967975620428721
      }
    },
    "property_append": {
      "n": 300,
      "hybrid_pickup_pct": 0.3433333333333333,
      "full_fresh_pickup_pct": 0.35333333333333333,
      "base_contamination": 0.0,
      "a_flags_preserved_pct": 0.9933333333333333,
      "b_flags_preserved_pct": 0.99,
      "hybrid_pickup_a_side": 0.3933333333333333,
      "hybrid_pickup_b_side": 0.29333333333333333
    },
    "attribution": {
      "n": 300,
      "seq_exact_match": 0.98,
      "token_accuracy": 0.9972550096074664
    }
  }
}