{
  "1": {
    "freeze": {
      "a_frozen": {
        "n": 300,
        "normal_seq_acc": 0.9466666666666667,
        "normal_flags_acc": 0.9866666666666667,
        "frozen_seq_acc": 0.95,
        "frozen_flags_acc": 0.97,
        "seq_deg": -0.0033333333333332993,
        "flag_deg": 0.01666666666666672,
        "mean_cos_sim": 0.9429299835364023
      },
      "b_frozen": {
        "n": 300,
        "normal_seq_acc": 0.8966666666666666,
        "normal_flags_acc": 0.9566666666666667,
        "frozen_seq_acc": 0.91,
        "frozen_flags_acc": 0.9566666666666667,
        "seq_deg": -0.01333333333333342,
        "flag_deg": 0.0,
        "mean_cos_sim": 0.8942259474595388
      }
    },
    "property_append": {
      "n": 300,
      "hybrid_pickup_pct": 0.6666666666666666,
      "full_fresh_pickup_pct": 0.6766666666666666,
      "base_contamination": 0.0033333333333333335,
      "a_flags_preserved_pct": 0.9766666666666667,
      "b_flags_preserved_pct": 0.9766666666666667,
      "hybrid_pickup_a_side": 0.7133333333333334,
      "hybrid_pickup_b_side": 0.62
    },
    "attribution": {
      "n": 300,
      "seq_exact_match": 0.96,
      "token_accuracy": 0.9934120230579193
    }
  },
  "2": {
    "freeze": {
      "a_frozen": {
        "n": 300,
        "normal_seq_acc": 0.98,
        "normal_flags_acc": 1.0,
        "frozen_seq_acc": 0.98,
        "frozen_flags_acc": 1.0,
        "seq_deg": 0.0,
        "flag_deg": 0.0,
        "mean_cos_sim": 0.9278598694006602
      },
      "b_frozen": {
        "n": 300,
        "normal_seq_acc": 0.9766666666666667,
        "normal_flags_acc": 1.0,
        "frozen_seq_acc": 0.9533333333333334,
        "frozen_flags_acc": 1.0,
        "seq_deg": 0.023333333333333317,
        "flag_deg": 0.0,
        "mean_cos_sim": 0.9124976493914922
      }
    },
    "property_append": {
      "n": 300,
      "hybrid_pickup_pct": 0.69,
      "full_fresh_pickup_pct": 0.7166666666666667,
      "base_contamination": 0.0,
      "a_flags_preserved_pct": 1.0,
      "b_flags_preserved_pct": 1.0,
      "hybrid_pickup_a_side": 0.7333333333333333,
      "hybrid_pickup_b_side": 0.6466666666666666
    },
    "attribution": {
      "n": 300,
      "seq_exact_match": 0.9866666666666667,
      "token_accuracy": 0.9978040076859731
    }
  },
  "3": {
    "freeze": {
      "a_frozen": {
        "n": 300,
        "normal_seq_acc": 0.9266666666666666,
        "normal_flags_acc": 0.97,
        "frozen_seq_acc": 0.9466666666666667,
        "frozen_flags_acc": 0.9666666666666667,
        "seq_deg": -0.020000000000000018,
        "flag_deg": 0.0033333333333332993,
        "mean_cos_sim": 0.9045006094376246
      },
      "b_frozen": {
        "n": 300,
        "normal_seq_acc": 0.91,
        "normal_flags_acc": 0.9566666666666667,
        "frozen_seq_acc": 0.92,
        "frozen_flags_acc": 0.9766666666666667,
        "seq_deg": -0.010000000000000009,
        "flag_deg": -0.020000000000000018,
        "mean_cos_sim": 0.8954598128795623
      }
    },
    "property_append": {
      "n": 300,
      "hybrid_pickup_pct": 0.43,
      "full_fresh_pickup_pct": 0.42,
      "base_contamination": 0.0033333333333333335,
      "a_flags_preserved_pct": 0.95,
      "b_flags_preserved_pct": 0.95,
      "hybrid_pickup_a_side": 0.47333333333333333,
      "hybrid_pickup_b_side": 0.38666666666666666
    },
    "attribution": {
      "n": 300,
      "seq_exact_match": 0.97,
      "token_accuracy": 0.996980510568213
    }
  },
  "4": {
    "freeze": {
      "a_frozen": {
        "n": 300,
        "normal_seq_acc": 0.9333333333333333,
        "normal_flags_acc": 0.9666666666666667,
        "frozen_seq_acc": 0.9833333333333333,
        "frozen_flags_acc": 1.0,
        "seq_deg": -0.04999999999999993,
        "flag_deg": -0.033333333333333326,
        "mean_cos_sim": 0.9151684033870697
      },
      "b_frozen": {
        "n": 300,
        "normal_seq_acc": 0.9,
        "normal_flags_acc": 0.95,
        "frozen_seq_acc": 0.9233333333333333,
        "frozen_flags_acc": 0.9733333333333334,
        "seq_deg": -0.023333333333333317,
        "flag_deg": -0.023333333333333428,
        "mean_cos_sim": 0.8736617132027944
      }
    },
    "property_append": {
      "n": 300,
      "hybrid_pickup_pct": 0.4766666666666667,
      "full_fresh_pickup_pct": 0.5333333333333333,
      "base_contamination": 0.0,
      "a_flags_preserved_pct": 0.9533333333333334,
      "b_flags_preserved_pct": 0.9533333333333334,
      "hybrid_pickup_a_side": 0.5133333333333333,
      "hybrid_pickup_b_side": 0.44
    },
    "attribution": {
      "n": 300,
      "seq_exact_match": 0.8833333333333333,
      "token_accuracy": 0.9857260499588252
    }
  },
  "5": {
    "freeze": {
      "a_frozen": {
        "n": 300,
        "normal_seq_acc": 0.9233333333333333,
        "normal_flags_acc": 0.9666666666666667,
        "frozen_seq_acc": 0.9533333333333334,
        "frozen_flags_acc": 0.97,
        "seq_deg": -0.030000000000000027,
        "flag_deg": -0.0033333333333332993,
        "mean_cos_sim": 0.9266530398527781
      },
      "b_frozen": {
        "n": 300,
        "normal_seq_acc": 0.9333333333333333,
        "normal_flags_acc": 0.98,
        "frozen_seq_acc": 0.8733333333333333,
        "frozen_flags_acc": 0.9566666666666667,
        "seq_deg": 0.06000000000000005,
        "flag_deg": 0.023333333333333317,
        "mean_cos_sim": 0.8970518525441488
      }
    },
    "property_append": {
      "n": 300,
      "hybrid_pickup_pct": 0.49666666666666665,
      "full_fresh_pickup_pct": 0.55,
      "base_contamination": 0.0,
      "a_flags_preserved_pct": 0.99,
      "b_flags_preserved_pct": 0.9766666666666667,
      "hybrid_pickup_a_side": 0.5266666666666666,
      "hybrid_pickup_b_side": 0.4666666666666667
    },
    "attribution": {
      "n": 300,
      "seq_exact_match": 0.9666666666666667,
      "token_accuracy": 0.9964315124897063
    }
  }
}