{
  "1": {
    "freeze": {
      "a_frozen": {
        "n": 300,
        "normal_seq_acc": 0.9333333333333333,
        "normal_flags_acc": 0.94,
        "frozen_seq_acc": 0.9133333333333333,
        "frozen_flags_acc": 0.92,
        "seq_deg": 0.020000000000000018,
        "flag_deg": 0.019999999999999907,
        "mean_cos_sim": 0.7915266893059015
      },
      "b_frozen": {
        "n": 300,
        "normal_seq_acc": 0.9533333333333334,
        "normal_flags_acc": 0.9533333333333334,
        "frozen_seq_acc": 0.9033333333333333,
        "frozen_flags_acc": 0.9366666666666666,
        "seq_deg": 0.050000000000000044,
        "flag_deg": 0.01666666666666672,
        "mean_cos_sim": 0.8592607434590658
      }
    },
    "property_append": {
      "n": 300,
      "hybrid_pickup_pct": 0.88,
      "full_fresh_pickup_pct": 0.9366666666666666,
      "base_contamination": 0.0,
      "a_flags_preserved_pct": 0.9566666666666667,
      "b_flags_preserved_pct": 0.9566666666666667,
      "hybrid_pickup_a_side": 0.8933333333333333,
      "hybrid_pickup_b_side": 0.8666666666666667
    },
    "attribution": {
      "n": 300,
      "seq_exact_match": 1.0,
      "token_accuracy": 1.0
    }
  },
  "2": {
    "freeze": {
      "a_frozen": {
        "n": 300,
        "normal_seq_acc": 0.9866666666666667,
        "normal_flags_acc": 0.9866666666666667,
        "frozen_seq_acc": 0.99,
        "frozen_flags_acc": 1.0,
        "seq_deg": -0.0033333333333332993,
        "flag_deg": -0.013333333333333308,
        "mean_cos_sim": 0.8909853206078211
      },
      "b_frozen": {
        "n": 300,
        "normal_seq_acc": 0.9566666666666667,
        "normal_flags_acc": 0.9566666666666667,
        "frozen_seq_acc": 0.95,
        "frozen_flags_acc": 0.95,
        "seq_deg": 0.00666666666666671,
        "flag_deg": 0.00666666666666671,
        "mean_cos_sim": 0.8877154899636904
      }
    },
    "property_append": {
      "n": 300,
      "hybrid_pickup_pct": 0.6933333333333334,
      "full_fresh_pickup_pct": 0.7666666666666667,
      "base_contamination": 0.016666666666666666,
      "a_flags_preserved_pct": 1.0,
      "b_flags_preserved_pct": 1.0,
      "hybrid_pickup_a_side": 0.72,
      "hybrid_pickup_b_side": 0.6666666666666666
    },
    "attribution": {
      "n": 300,
      "seq_exact_match": 1.0,
      "token_accuracy": 1.0
    }
  },
  "3": {
    "freeze": {
      "a_frozen": {
        "n": 300,
        "normal_seq_acc": 0.98,
        "normal_flags_acc": 0.98,
        "frozen_seq_acc": 0.9566666666666667,
        "frozen_flags_acc": 0.9566666666666667,
        "seq_deg": 0.023333333333333317,
        "flag_deg": 0.023333333333333317,
        "mean_cos_sim": 0.8462049099802971
      },
      "b_frozen": {
        "n": 300,
        "normal_seq_acc": 0.9566666666666667,
        "normal_flags_acc": 0.9566666666666667,
        "frozen_seq_acc": 0.91,
        "frozen_flags_acc": 0.91,
        "seq_deg": 0.046666666666666634,
        "flag_deg": 0.046666666666666634,
        "mean_cos_sim": 0.8223284677664439
      }
    },
    "property_append": {
      "n": 300,
      "hybrid_pickup_pct": 0.48,
      "full_fresh_pickup_pct": 0.5966666666666667,
      "base_contamination": 0.013333333333333334,
      "a_flags_preserved_pct": 0.97,
      "b_flags_preserved_pct": 0.97,
      "hybrid_pickup_a_side": 0.54,
      "hybrid_pickup_b_side": 0.42
    },
    "attribution": {
      "n": 300,
      "seq_exact_match": 0.9966666666666667,
      "token_accuracy": 0.9994510019214933
    }
  },
  "4": {
    "freeze": {
      "a_frozen": {
        "n": 300,
        "normal_seq_acc": 0.96,
        "normal_flags_acc": 0.96,
        "frozen_seq_acc": 0.9066666666666666,
        "frozen_flags_acc": 0.91,
        "seq_deg": 0.053333333333333344,
        "flag_deg": 0.04999999999999993,
        "mean_cos_sim": 0.835853534936905
      },
      "b_frozen": {
        "n": 300,
        "normal_seq_acc": 0.9666666666666667,
        "normal_flags_acc": 0.9666666666666667,
        "frozen_seq_acc": 0.9233333333333333,
        "frozen_flags_acc": 0.9233333333333333,
        "seq_deg": 0.043333333333333335,
        "flag_deg": 0.043333333333333335,
        "mean_cos_sim": 0.8539425711830457
      }
    },
    "property_append": {
      "n": 300,
      "hybrid_pickup_pct": 0.8966666666666666,
      "full_fresh_pickup_pct": 0.9266666666666666,
      "base_contamination": 0.0,
      "a_flags_preserved_pct": 0.9766666666666667,
      "b_flags_preserved_pct": 0.9733333333333334,
      "hybrid_pickup_a_side": 0.9,
      "hybrid_pickup_b_side": 0.8933333333333333
    },
    "attribution": {
      "n": 300,
      "seq_exact_match": 0.9966666666666667,
      "token_accuracy": 0.9997255009607466
    }
  },
  "5": {
    "freeze": {
      "a_frozen": {
        "n": 300,
        "normal_seq_acc": 0.99,
        "normal_flags_acc": 0.99,
        "frozen_seq_acc": 0.99,
        "frozen_flags_acc": 0.99,
        "seq_deg": 0.0,
        "flag_deg": 0.0,
        "mean_cos_sim": 0.8773808302481969
      },
      "b_frozen": {
        "n": 300,
        "normal_seq_acc": 0.9733333333333334,
        "normal_flags_acc": 0.9733333333333334,
        "frozen_seq_acc": 0.93,
        "frozen_flags_acc": 0.93,
        "seq_deg": 0.043333333333333335,
        "flag_deg": 0.043333333333333335,
        "mean_cos_sim": 0.8722339662909507
      }
    },
    "property_append": {
      "n": 300,
      "hybrid_pickup_pct": 0.9166666666666666,
      "full_fresh_pickup_pct": 0.9533333333333334,
      "base_contamination": 0.013333333333333334,
      "a_flags_preserved_pct": 1.0,
      "b_flags_preserved_pct": 1.0,
      "hybrid_pickup_a_side": 0.9066666666666666,
      "hybrid_pickup_b_side": 0.9266666666666666
    },
    "attribution": {
      "n": 300,
      "seq_exact_match": 1.0,
      "token_accuracy": 1.0
    }
  }
}