{
  "stage2-seed1": {
    "duplicate_a": {
      "n": 300,
      "normal_acc": 0.85,
      "duped_acc": 0.0,
      "agreement": 0.15,
      "cost": 0.85
    },
    "shuffle_a": {
      "n": 300,
      "normal_acc": 0.9,
      "shuffle_acc": 0.9,
      "agreement": 1.0,
      "cost": 0.0
    },
    "corruption": {
      "n": 300,
      "sigmas": [
        0.0,
        0.1,
        0.25,
        0.5,
        1.0,
        2.0
      ],
      "accuracy_by_sigma": {
        "0.0": 0.9,
        "0.1": 0.89,
        "0.25": 0.04666666666666667,
        "0.5": 0.0,
        "1.0": 0.0,
        "2.0": 0.0
      }
    },
    "bind_direction": {
      "forward": {
        "n": 145,
        "normal_acc": 0.8896551724137931,
        "frozen_acc": 0.8068965517241379,
        "cost": 0.08275862068965517,
        "mean_cos_sim": 0.7074944895916971
      },
      "reverse": {
        "n": 155,
        "normal_acc": 0.9548387096774194,
        "frozen_acc": 0.9548387096774194,
        "cost": 0.0,
        "mean_cos_sim": 0.8233446406741296
      }
    }
  },
  "stage2-seed2": {
    "duplicate_a": {
      "n": 300,
      "normal_acc": 0.9466666666666667,
      "duped_acc": 0.0,
      "agreement": 0.05333333333333334,
      "cost": 0.9466666666666667
    },
    "shuffle_a": {
      "n": 300,
      "normal_acc": 0.9733333333333334,
      "shuffle_acc": 0.9733333333333334,
      "agreement": 1.0,
      "cost": 0.0
    },
    "corruption": {
      "n": 300,
      "sigmas": [
        0.0,
        0.1,
        0.25,
        0.5,
        1.0,
        2.0
      ],
      "accuracy_by_sigma": {
        "0.0": 0.9733333333333334,
        "0.1": 0.9633333333333334,
        "0.25": 0.03333333333333333,
        "0.5": 0.0,
        "1.0": 0.0,
        "2.0": 0.0
      }
    },
    "bind_direction": {
      "forward": {
        "n": 145,
        "normal_acc": 1.0,
        "frozen_acc": 1.0,
        "cost": 0.0,
        "mean_cos_sim": 0.9008230788954373
      },
      "reverse": {
        "n": 155,
        "normal_acc": 0.9806451612903225,
        "frozen_acc": 0.9870967741935484,
        "cost": -0.0064516129032258064,
        "mean_cos_sim": 0.8880006836306664
      }
    }
  },
  "stage2-seed3": {
    "duplicate_a": {
      "n": 300,
      "normal_acc": 0.8966666666666666,
      "duped_acc": 0.0,
      "agreement": 0.05333333333333334,
      "cost": 0.8966666666666666
    },
    "shuffle_a": {
      "n": 300,
      "normal_acc": 0.9533333333333334,
      "shuffle_acc": 0.9533333333333334,
      "agreement": 1.0,
      "cost": 0.0
    },
    "corruption": {
      "n": 300,
      "sigmas": [
        0.0,
        0.1,
        0.25,
        0.5,
        1.0,
        2.0
      ],
      "accuracy_by_sigma": {
        "0.0": 0.9533333333333334,
        "0.1": 0.94,
        "0.25": 0.02666666666666667,
        "0.5": 0.0,
        "1.0": 0.0,
        "2.0": 0.0
      }
    },
    "bind_direction": {
      "forward": {
        "n": 145,
        "normal_acc": 1.0,
        "frozen_acc": 1.0,
        "cost": 0.0,
        "mean_cos_sim": 0.8760945159813454
      },
      "reverse": {
        "n": 155,
        "normal_acc": 0.9548387096774194,
        "frozen_acc": 0.9419354838709677,
        "cost": 0.012903225806451613,
        "mean_cos_sim": 0.821603593134111
      }
    }
  },
  "stage2-seed4": {
    "duplicate_a": {
      "n": 300,
      "normal_acc": 0.8966666666666666,
      "duped_acc": 0.0,
      "agreement": 0.10333333333333333,
      "cost": 0.8966666666666666
    },
    "shuffle_a": {
      "n": 300,
      "normal_acc": 0.9366666666666666,
      "shuffle_acc": 0.9366666666666666,
      "agreement": 1.0,
      "cost": 0.0
    },
    "corruption": {
      "n": 300,
      "sigmas": [
        0.0,
        0.1,
        0.25,
        0.5,
        1.0,
        2.0
      ],
      "accuracy_by_sigma": {
        "0.0": 0.9366666666666666,
        "0.1": 0.9233333333333333,
        "0.25": 0.056666666666666664,
        "0.5": 0.0,
        "1.0": 0.0,
        "2.0": 0.0
      }
    },
    "bind_direction": {
      "forward": {
        "n": 145,
        "normal_acc": 0.9310344827586207,
        "frozen_acc": 0.9241379310344827,
        "cost": 0.006896551724137931,
        "mean_cos_sim": 0.8482306827758921
      },
      "reverse": {
        "n": 155,
        "normal_acc": 0.9612903225806452,
        "frozen_acc": 0.9354838709677419,
        "cost": 0.025806451612903226,
        "mean_cos_sim": 0.8689292210725046
      }
    }
  },
  "stage2-seed5": {
    "duplicate_a": {
      "n": 300,
      "normal_acc": 0.9466666666666667,
      "duped_acc": 0.0,
      "agreement": 0.05333333333333334,
      "cost": 0.9466666666666667
    },
    "shuffle_a": {
      "n": 300,
      "normal_acc": 0.9733333333333334,
      "shuffle_acc": 0.9733333333333334,
      "agreement": 1.0,
      "cost": 0.0
    },
    "corruption": {
      "n": 300,
      "sigmas": [
        0.0,
        0.1,
        0.25,
        0.5,
        1.0,
        2.0
      ],
      "accuracy_by_sigma": {
        "0.0": 0.9733333333333334,
        "0.1": 0.97,
        "0.25": 0.05333333333333334,
        "0.5": 0.0,
        "1.0": 0.0,
        "2.0": 0.0
      }
    },
    "bind_direction": {
      "forward": {
        "n": 145,
        "normal_acc": 1.0,
        "frozen_acc": 1.0,
        "cost": 0.0,
        "mean_cos_sim": 0.8883043161753951
      },
      "reverse": {
        "n": 155,
        "normal_acc": 0.9806451612903225,
        "frozen_acc": 0.9548387096774194,
        "cost": 0.025806451612903226,
        "mean_cos_sim": 0.8237390833516275
      }
    }
  }
}