{
  "stage5-seed1": {
    "duplicate_a": {
      "n": 300,
      "normal_acc": 1.0,
      "duped_acc": 0.31666666666666665,
      "agreement": 0.31666666666666665,
      "cost": 0.6833333333333333
    },
    "shuffle_a": {
      "n": 300,
      "normal_acc": 1.0,
      "shuffle_acc": 1.0,
      "agreement": 1.0,
      "cost": 0.0
    },
    "corruption": {
      "n": 300,
      "sigmas": [
        0.0,
        0.1,
        0.25,
        0.5,
        1.0,
        2.0
      ],
      "accuracy_by_sigma": {
        "0.0": 1.0,
        "0.1": 0.9033333333333333,
        "0.25": 0.0,
        "0.5": 0.0,
        "1.0": 0.0,
        "2.0": 0.0
      }
    },
    "bind_direction": {
      "forward": {
        "n": 145,
        "normal_acc": 1.0,
        "frozen_acc": 1.0,
        "cost": 0.0,
        "mean_cos_sim": 0.9001076459884644
      },
      "reverse": {
        "n": 155,
        "normal_acc": 1.0,
        "frozen_acc": 1.0,
        "cost": 0.0,
        "mean_cos_sim": 0.9341050932484288
      }
    }
  },
  "stage5-seed2": {
    "duplicate_a": {
      "n": 300,
      "normal_acc": 0.9466666666666667,
      "duped_acc": 0.23333333333333334,
      "agreement": 0.23333333333333334,
      "cost": 0.7133333333333334
    },
    "shuffle_a": {
      "n": 300,
      "normal_acc": 0.9733333333333334,
      "shuffle_acc": 0.9733333333333334,
      "agreement": 1.0,
      "cost": 0.0
    },
    "corruption": {
      "n": 300,
      "sigmas": [
        0.0,
        0.1,
        0.25,
        0.5,
        1.0,
        2.0
      ],
      "accuracy_by_sigma": {
        "0.0": 0.9733333333333334,
        "0.1": 0.9,
        "0.25": 0.013333333333333334,
        "0.5": 0.0,
        "1.0": 0.0,
        "2.0": 0.0
      }
    },
    "bind_direction": {
      "forward": {
        "n": 145,
        "normal_acc": 0.9517241379310345,
        "frozen_acc": 0.9517241379310345,
        "cost": 0.0,
        "mean_cos_sim": 0.8985618587197929
      },
      "reverse": {
        "n": 155,
        "normal_acc": 1.0,
        "frozen_acc": 1.0,
        "cost": 0.0,
        "mean_cos_sim": 0.9163488026588194
      }
    }
  },
  "stage5-seed3": {
    "duplicate_a": {
      "n": 300,
      "normal_acc": 0.9033333333333333,
      "duped_acc": 0.18666666666666668,
      "agreement": 0.2833333333333333,
      "cost": 0.7166666666666667
    },
    "shuffle_a": {
      "n": 300,
      "normal_acc": 0.94,
      "shuffle_acc": 0.94,
      "agreement": 1.0,
      "cost": 0.0
    },
    "corruption": {
      "n": 300,
      "sigmas": [
        0.0,
        0.1,
        0.25,
        0.5,
        1.0,
        2.0
      ],
      "accuracy_by_sigma": {
        "0.0": 0.94,
        "0.1": 0.8133333333333334,
        "0.25": 0.013333333333333334,
        "0.5": 0.0,
        "1.0": 0.0,
        "2.0": 0.0
      }
    },
    "bind_direction": {
      "forward": {
        "n": 145,
        "normal_acc": 0.9586206896551724,
        "frozen_acc": 0.9448275862068966,
        "cost": 0.013793103448275862,
        "mean_cos_sim": 0.8290604235797093
      },
      "reverse": {
        "n": 155,
        "normal_acc": 0.8709677419354839,
        "frozen_acc": 0.9741935483870968,
        "cost": -0.1032258064516129,
        "mean_cos_sim": 0.8842494074375399
      }
    }
  },
  "stage5-seed4": {
    "duplicate_a": {
      "n": 300,
      "normal_acc": 0.9033333333333333,
      "duped_acc": 0.10333333333333333,
      "agreement": 0.2,
      "cost": 0.8
    },
    "shuffle_a": {
      "n": 300,
      "normal_acc": 0.95,
      "shuffle_acc": 0.95,
      "agreement": 1.0,
      "cost": 0.0
    },
    "corruption": {
      "n": 300,
      "sigmas": [
        0.0,
        0.1,
        0.25,
        0.5,
        1.0,
        2.0
      ],
      "accuracy_by_sigma": {
        "0.0": 0.95,
        "0.1": 0.8866666666666667,
        "0.25": 0.016666666666666666,
        "0.5": 0.0,
        "1.0": 0.0,
        "2.0": 0.0
      }
    },
    "bind_direction": {
      "forward": {
        "n": 145,
        "normal_acc": 0.9586206896551724,
        "frozen_acc": 0.903448275862069,
        "cost": 0.05517241379310345,
        "mean_cos_sim": 0.8218852555443501
      },
      "reverse": {
        "n": 155,
        "normal_acc": 0.9354838709677419,
        "frozen_acc": 0.9741935483870968,
        "cost": -0.03870967741935484,
        "mean_cos_sim": 0.8801152118752079
      }
    }
  },
  "stage5-seed5": {
    "duplicate_a": {
      "n": 300,
      "normal_acc": 1.0,
      "duped_acc": 0.08666666666666667,
      "agreement": 0.08666666666666667,
      "cost": 0.9133333333333333
    },
    "shuffle_a": {
      "n": 300,
      "normal_acc": 0.99,
      "shuffle_acc": 0.99,
      "agreement": 1.0,
      "cost": 0.0
    },
    "corruption": {
      "n": 300,
      "sigmas": [
        0.0,
        0.1,
        0.25,
        0.5,
        1.0,
        2.0
      ],
      "accuracy_by_sigma": {
        "0.0": 0.99,
        "0.1": 0.8933333333333333,
        "0.25": 0.01,
        "0.5": 0.0,
        "1.0": 0.0,
        "2.0": 0.0
      }
    },
    "bind_direction": {
      "forward": {
        "n": 145,
        "normal_acc": 1.0,
        "frozen_acc": 1.0,
        "cost": 0.0,
        "mean_cos_sim": 0.917863457367338
      },
      "reverse": {
        "n": 155,
        "normal_acc": 0.9935483870967742,
        "frozen_acc": 1.0,
        "cost": -0.0064516129032258064,
        "mean_cos_sim": 0.8998009985493075
      }
    }
  }
}