{
  "1": {
    "freeze": {
      "a_frozen": {
        "n": 300,
        "normal_seq_acc": 0.7366666666666667,
        "frozen_seq_acc": 0.7666666666666667,
        "seq_deg": 0.030000000000000027
      },
      "b_frozen": {
        "n": 300,
        "normal_seq_acc": 0.75,
        "frozen_seq_acc": 0.62,
        "seq_deg": -0.13
      }
    },
    "property_append": {
      "n": 300,
      "hybrid_pickup_pct": 0.7833333333333333,
      "full_fresh_pickup_pct": 0.8066666666666666,
      "base_contamination": 0.02,
      "a_flags_preserved_pct": 1.0,
      "b_flags_preserved_pct": 1.0,
      "hybrid_pickup_a_side": 0.8066666666666666,
      "hybrid_pickup_b_side": 0.76
    },
    "attribution": {
      "n": 300,
      "seq_exact_match": 0.7133333333333334,
      "token_accuracy": 0.9536096623661817
    }
  },
  "2": {
    "freeze": {
      "a_frozen": {
        "n": 300,
        "normal_seq_acc": 0.85,
        "frozen_seq_acc": 0.9066666666666666,
        "seq_deg": 0.05666666666666664
      },
      "b_frozen": {
        "n": 300,
        "normal_seq_acc": 0.8966666666666666,
        "frozen_seq_acc": 0.7766666666666666,
        "seq_deg": -0.12
      }
    },
    "property_append": {
      "n": 300,
      "hybrid_pickup_pct": 0.7133333333333334,
      "full_fresh_pickup_pct": 0.73,
      "base_contamination": 0.0033333333333333335,
      "a_flags_preserved_pct": 1.0,
      "b_flags_preserved_pct": 1.0,
      "hybrid_pickup_a_side": 0.76,
      "hybrid_pickup_b_side": 0.6666666666666666
    },
    "attribution": {
      "n": 300,
      "seq_exact_match": 0.6633333333333333,
      "token_accuracy": 0.9437276969530607
    }
  },
  "3": {
    "freeze": {
      "a_frozen": {
        "n": 300,
        "normal_seq_acc": 0.7533333333333333,
        "frozen_seq_acc": 0.7466666666666667,
        "seq_deg": -0.006666666666666599
      },
      "b_frozen": {
        "n": 300,
        "normal_seq_acc": 0.6866666666666666,
        "frozen_seq_acc": 0.6566666666666666,
        "seq_deg": -0.030000000000000027
      }
    },
    "property_append": {
      "n": 300,
      "hybrid_pickup_pct": 0.5333333333333333,
      "full_fresh_pickup_pct": 0.5833333333333334,
      "base_contamination": 0.023333333333333334,
      "a_flags_preserved_pct": 1.0,
      "b_flags_preserved_pct": 1.0,
      "hybrid_pickup_a_side": 0.58,
      "hybrid_pickup_b_side": 0.4866666666666667
    },
    "attribution": {
      "n": 300,
      "seq_exact_match": 0.6933333333333334,
      "token_accuracy": 0.9412572055997804
    }
  },
  "4": {
    "freeze": {
      "a_frozen": {
        "n": 300,
        "normal_seq_acc": 0.9566666666666667,
        "frozen_seq_acc": 0.8666666666666667,
        "seq_deg": -0.08999999999999997
      },
      "b_frozen": {
        "n": 300,
        "normal_seq_acc": 0.9666666666666667,
        "frozen_seq_acc": 0.8033333333333333,
        "seq_deg": -0.16333333333333333
      }
    },
    "property_append": {
      "n": 300,
      "hybrid_pickup_pct": 0.5166666666666667,
      "full_fresh_pickup_pct": 0.5266666666666666,
      "base_contamination": 0.006666666666666667,
      "a_flags_preserved_pct": 1.0,
      "b_flags_preserved_pct": 1.0,
      "hybrid_pickup_a_side": 0.5666666666666667,
      "hybrid_pickup_b_side": 0.4666666666666667
    },
    "attribution": {
      "n": 300,
      "seq_exact_match": 0.7266666666666667,
      "token_accuracy": 0.9571781498764754
    }
  },
  "5": {
    "freeze": {
      "a_frozen": {
        "n": 300,
        "normal_seq_acc": 0.82,
        "frozen_seq_acc": 0.8633333333333333,
        "seq_deg": 0.043333333333333335
      },
      "b_frozen": {
        "n": 300,
        "normal_seq_acc": 0.8266666666666667,
        "frozen_seq_acc": 0.5766666666666667,
        "seq_deg": -0.25
      }
    },
    "property_append": {
      "n": 300,
      "hybrid_pickup_pct": 0.5666666666666667,
      "full_fresh_pickup_pct": 0.6166666666666667,
      "base_contamination": 0.0,
      "a_flags_preserved_pct": 0.9433333333333334,
      "b_flags_preserved_pct": 0.96,
      "hybrid_pickup_a_side": 0.6266666666666667,
      "hybrid_pickup_b_side": 0.5066666666666667
    },
    "attribution": {
      "n": 300,
      "seq_exact_match": 0.74,
      "token_accuracy": 0.9593741421905023
    }
  }
}