{
  "1": {
    "freeze": {
      "a_frozen": {
        "n": 300,
        "normal_seq_acc": 1.0,
        "normal_flags_acc": 1.0,
        "frozen_seq_acc": 1.0,
        "frozen_flags_acc": 1.0,
        "seq_deg": 0.0,
        "flag_deg": 0.0,
        "mean_cos_sim": 0.9210469390948613
      },
      "b_frozen": {
        "n": 300,
        "normal_seq_acc": 1.0,
        "normal_flags_acc": 1.0,
        "frozen_seq_acc": 0.9833333333333333,
        "frozen_flags_acc": 0.9833333333333333,
        "seq_deg": 0.01666666666666672,
        "flag_deg": 0.01666666666666672,
        "mean_cos_sim": 0.9208772573868433
      }
    },
    "property_append": {
      "n": 300,
      "hybrid_pickup_pct": 0.9033333333333333,
      "full_fresh_pickup_pct": 0.9333333333333333,
      "base_contamination": 0.0,
      "a_flags_preserved_pct": 1.0,
      "b_flags_preserved_pct": 1.0,
      "hybrid_pickup_a_side": 0.9133333333333333,
      "hybrid_pickup_b_side": 0.8933333333333333
    },
    "attribution": {
      "n": 300,
      "seq_exact_match": 0.97,
      "token_accuracy": 0.9972550096074664
    }
  },
  "2": {
    "freeze": {
      "a_frozen": {
        "n": 300,
        "normal_seq_acc": 0.9533333333333334,
        "normal_flags_acc": 0.9966666666666667,
        "frozen_seq_acc": 0.9533333333333334,
        "frozen_flags_acc": 0.9966666666666667,
        "seq_deg": 0.0,
        "flag_deg": 0.0,
        "mean_cos_sim": 0.9053984558582306
      },
      "b_frozen": {
        "n": 300,
        "normal_seq_acc": 0.9366666666666666,
        "normal_flags_acc": 0.9833333333333333,
        "frozen_seq_acc": 0.93,
        "frozen_flags_acc": 0.9766666666666667,
        "seq_deg": 0.006666666666666599,
        "flag_deg": 0.006666666666666599,
        "mean_cos_sim": 0.9150183419386546
      }
    },
    "property_append": {
      "n": 300,
      "hybrid_pickup_pct": 0.6866666666666666,
      "full_fresh_pickup_pct": 0.7633333333333333,
      "base_contamination": 0.006666666666666667,
      "a_flags_preserved_pct": 1.0,
      "b_flags_preserved_pct": 1.0,
      "hybrid_pickup_a_side": 0.7266666666666667,
      "hybrid_pickup_b_side": 0.6466666666666666
    },
    "attribution": {
      "n": 300,
      "seq_exact_match": 0.9766666666666667,
      "token_accuracy": 0.9964315124897063
    }
  },
  "3": {
    "freeze": {
      "a_frozen": {
        "n": 300,
        "normal_seq_acc": 0.9433333333333334,
        "normal_flags_acc": 0.9766666666666667,
        "frozen_seq_acc": 0.9766666666666667,
        "frozen_flags_acc": 0.9766666666666667,
        "seq_deg": -0.033333333333333326,
        "flag_deg": 0.0,
        "mean_cos_sim": 0.8663301181793213
      },
      "b_frozen": {
        "n": 300,
        "normal_seq_acc": 0.9266666666666666,
        "normal_flags_acc": 0.9766666666666667,
        "frozen_seq_acc": 0.91,
        "frozen_flags_acc": 0.96,
        "seq_deg": 0.016666666666666607,
        "flag_deg": 0.01666666666666672,
        "mean_cos_sim": 0.8791612018148104
      }
    },
    "property_append": {
      "n": 300,
      "hybrid_pickup_pct": 0.6666666666666666,
      "full_fresh_pickup_pct": 0.73,
      "base_contamination": 0.0,
      "a_flags_preserved_pct": 0.9766666666666667,
      "b_flags_preserved_pct": 0.9766666666666667,
      "hybrid_pickup_a_side": 0.7,
      "hybrid_pickup_b_side": 0.6333333333333333
    },
    "attribution": {
      "n": 300,
      "seq_exact_match": 0.9333333333333333,
      "token_accuracy": 0.9914905297831458
    }
  },
  "4": {
    "freeze": {
      "a_frozen": {
        "n": 300,
        "normal_seq_acc": 0.9633333333333334,
        "normal_flags_acc": 0.9766666666666667,
        "frozen_seq_acc": 0.9533333333333334,
        "frozen_flags_acc": 0.9566666666666667,
        "seq_deg": 0.010000000000000009,
        "flag_deg": 0.020000000000000018,
        "mean_cos_sim": 0.8611457223196824
      },
      "b_frozen": {
        "n": 300,
        "normal_seq_acc": 0.95,
        "normal_flags_acc": 0.9766666666666667,
        "frozen_seq_acc": 0.94,
        "frozen_flags_acc": 0.9666666666666667,
        "seq_deg": 0.010000000000000009,
        "flag_deg": 0.010000000000000009,
        "mean_cos_sim": 0.8544481453547875
      }
    },
    "property_append": {
      "n": 300,
      "hybrid_pickup_pct": 0.7,
      "full_fresh_pickup_pct": 0.8133333333333334,
      "base_contamination": 0.0,
      "a_flags_preserved_pct": 0.9766666666666667,
      "b_flags_preserved_pct": 0.9766666666666667,
      "hybrid_pickup_a_side": 0.7333333333333333,
      "hybrid_pickup_b_side": 0.6666666666666666
    },
    "attribution": {
      "n": 300,
      "seq_exact_match": 0.9733333333333334,
      "token_accuracy": 0.9972550096074664
    }
  },
  "5": {
    "freeze": {
      "a_frozen": {
        "n": 300,
        "normal_seq_acc": 0.9933333333333333,
        "normal_flags_acc": 0.9933333333333333,
        "frozen_seq_acc": 1.0,
        "frozen_flags_acc": 1.0,
        "seq_deg": -0.00666666666666671,
        "flag_deg": -0.00666666666666671,
        "mean_cos_sim": 0.9046148393551509
      },
      "b_frozen": {
        "n": 300,
        "normal_seq_acc": 1.0,
        "normal_flags_acc": 1.0,
        "frozen_seq_acc": 0.97,
        "frozen_flags_acc": 0.97,
        "seq_deg": 0.030000000000000027,
        "flag_deg": 0.030000000000000027,
        "mean_cos_sim": 0.9116705892483393
      }
    },
    "property_append": {
      "n": 300,
      "hybrid_pickup_pct": 0.8933333333333333,
      "full_fresh_pickup_pct": 0.94,
      "base_contamination": 0.013333333333333334,
      "a_flags_preserved_pct": 1.0,
      "b_flags_preserved_pct": 1.0,
      "hybrid_pickup_a_side": 0.9,
      "hybrid_pickup_b_side": 0.8866666666666667
    },
    "attribution": {
      "n": 300,
      "seq_exact_match": 0.9833333333333333,
      "token_accuracy": 0.9980785067252265
    }
  }
}