{
  "1": {
    "n": 300,
    "n_failed": 0,
    "flat_seq_acc": 0.89,
    "flat_flag_acc": 0.9933333333333333,
    "flat_partial_acc": 0.9933333333333333,
    "zeroshot_seq_acc": 0.53,
    "zeroshot_flag_acc": 0.9966666666666667,
    "zeroshot_partial_acc": 0.9966666666666667,
    "zeroshot_vs_flat": 0.5955056179775281,
    "swap_chain_seq_acc": 0.59,
    "swap_chain_flag_acc": 0.9833333333333333,
    "swap_chain_partial_acc": 0.9833333333333333,
    "ab_cos_twobin_vs_flat": 0.966453110575676
  },
  "2": {
    "n": 300,
    "n_failed": 0,
    "flat_seq_acc": 0.9133333333333333,
    "flat_flag_acc": 1.0,
    "flat_partial_acc": 1.0,
    "zeroshot_seq_acc": 0.59,
    "zeroshot_flag_acc": 0.99,
    "zeroshot_partial_acc": 0.99,
    "zeroshot_vs_flat": 0.645985401459854,
    "swap_chain_seq_acc": 0.64,
    "swap_chain_flag_acc": 0.99,
    "swap_chain_partial_acc": 0.99,
    "ab_cos_twobin_vs_flat": 0.9657890234390895
  },
  "3": {
    "n": 300,
    "n_failed": 0,
    "flat_seq_acc": 0.8666666666666667,
    "flat_flag_acc": 0.9866666666666667,
    "flat_partial_acc": 0.9866666666666667,
    "zeroshot_seq_acc": 0.48333333333333334,
    "zeroshot_flag_acc": 0.98,
    "zeroshot_partial_acc": 0.98,
    "zeroshot_vs_flat": 0.5576923076923077,
    "swap_chain_seq_acc": 0.5066666666666667,
    "swap_chain_flag_acc": 0.98,
    "swap_chain_partial_acc": 0.98,
    "ab_cos_twobin_vs_flat": 0.9733189715941747
  },
  "4": {
    "n": 300,
    "n_failed": 0,
    "flat_seq_acc": 0.85,
    "flat_flag_acc": 0.9566666666666667,
    "flat_partial_acc": 0.9566666666666667,
    "zeroshot_seq_acc": 0.43333333333333335,
    "zeroshot_flag_acc": 0.99,
    "zeroshot_partial_acc": 0.99,
    "zeroshot_vs_flat": 0.5098039215686275,
    "swap_chain_seq_acc": 0.5033333333333333,
    "swap_chain_flag_acc": 0.99,
    "swap_chain_partial_acc": 0.99,
    "ab_cos_twobin_vs_flat": 0.9763484569390615
  },
  "5": {
    "n": 300,
    "n_failed": 0,
    "flat_seq_acc": 0.94,
    "flat_flag_acc": 1.0,
    "flat_partial_acc": 1.0,
    "zeroshot_seq_acc": 0.46,
    "zeroshot_flag_acc": 0.99,
    "zeroshot_partial_acc": 0.99,
    "zeroshot_vs_flat": 0.4893617021276596,
    "swap_chain_seq_acc": 0.53,
    "swap_chain_flag_acc": 0.9833333333333333,
    "swap_chain_partial_acc": 0.9833333333333333,
    "ab_cos_twobin_vs_flat": 0.9814422748486201
  }
}