{
  "1": {
    "n": 300,
    "n_failed": 0,
    "flat_seq_acc": 0.9233333333333333,
    "flat_flag_acc": 0.97,
    "flat_partial_acc": 0.97,
    "zeroshot_seq_acc": 0.46,
    "zeroshot_flag_acc": 0.96,
    "zeroshot_partial_acc": 0.96,
    "zeroshot_vs_flat": 0.4981949458483755,
    "swap_chain_seq_acc": 0.49333333333333335,
    "swap_chain_flag_acc": 0.9633333333333334,
    "swap_chain_partial_acc": 0.9633333333333334,
    "ab_cos_twobin_vs_flat": 0.9152055472135544
  },
  "2": {
    "n": 300,
    "n_failed": 0,
    "flat_seq_acc": 0.94,
    "flat_flag_acc": 0.9866666666666667,
    "flat_partial_acc": 0.9866666666666667,
    "zeroshot_seq_acc": 0.5033333333333333,
    "zeroshot_flag_acc": 0.97,
    "zeroshot_partial_acc": 0.97,
    "zeroshot_vs_flat": 0.5354609929078014,
    "swap_chain_seq_acc": 0.5333333333333333,
    "swap_chain_flag_acc": 0.9733333333333334,
    "swap_chain_partial_acc": 0.9733333333333334,
    "ab_cos_twobin_vs_flat": 0.9460191025336584
  },
  "3": {
    "n": 300,
    "n_failed": 0,
    "flat_seq_acc": 0.94,
    "flat_flag_acc": 0.9833333333333333,
    "flat_partial_acc": 0.9833333333333333,
    "zeroshot_seq_acc": 0.5533333333333333,
    "zeroshot_flag_acc": 0.9633333333333334,
    "zeroshot_partial_acc": 0.9633333333333334,
    "zeroshot_vs_flat": 0.5886524822695036,
    "swap_chain_seq_acc": 0.57,
    "swap_chain_flag_acc": 0.9633333333333334,
    "swap_chain_partial_acc": 0.9633333333333334,
    "ab_cos_twobin_vs_flat": 0.9562948955098788
  },
  "4": {
    "n": 300,
    "n_failed": 0,
    "flat_seq_acc": 0.9466666666666667,
    "flat_flag_acc": 0.9866666666666667,
    "flat_partial_acc": 0.9866666666666667,
    "zeroshot_seq_acc": 0.47,
    "zeroshot_flag_acc": 0.9633333333333334,
    "zeroshot_partial_acc": 0.9633333333333334,
    "zeroshot_vs_flat": 0.4964788732394366,
    "swap_chain_seq_acc": 0.48,
    "swap_chain_flag_acc": 0.9633333333333334,
    "swap_chain_partial_acc": 0.9633333333333334,
    "ab_cos_twobin_vs_flat": 0.9399427276849747
  },
  "5": {
    "n": 300,
    "n_failed": 0,
    "flat_seq_acc": 0.9433333333333334,
    "flat_flag_acc": 0.99,
    "flat_partial_acc": 0.99,
    "zeroshot_seq_acc": 0.49666666666666665,
    "zeroshot_flag_acc": 0.9466666666666667,
    "zeroshot_partial_acc": 0.9466666666666667,
    "zeroshot_vs_flat": 0.5265017667844523,
    "swap_chain_seq_acc": 0.5333333333333333,
    "swap_chain_flag_acc": 0.96,
    "swap_chain_partial_acc": 0.96,
    "ab_cos_twobin_vs_flat": 0.9407050204277039
  }
}