{
  "1": {
    "full_fresh": 0.69,
    "freeze_all": 0.5866666666666667,
    "freeze_A_only": 0.6366666666666667,
    "freeze_B_only": 0.6633333333333333,
    "freeze_A_B": 0.59,
    "oracle": 0.71,
    "sibling": 0.6,
    "n": 300
  },
  "2": {
    "full_fresh": 0.39,
    "freeze_all": 0.32666666666666666,
    "freeze_A_only": 0.37,
    "freeze_B_only": 0.38333333333333336,
    "freeze_A_B": 0.36333333333333334,
    "oracle": 0.4033333333333333,
    "sibling": 0.33666666666666667,
    "n": 300
  },
  "3": {
    "full_fresh": 0.28,
    "freeze_all": 0.18666666666666668,
    "freeze_A_only": 0.24333333333333335,
    "freeze_B_only": 0.25,
    "freeze_A_B": 0.21666666666666667,
    "oracle": 0.28,
    "sibling": 0.18666666666666668,
    "n": 300
  },
  "4": {
    "full_fresh": 0.65,
    "freeze_all": 0.6233333333333333,
    "freeze_A_only": 0.6366666666666667,
    "freeze_B_only": 0.6566666666666666,
    "freeze_A_B": 0.6366666666666667,
    "oracle": 0.67,
    "sibling": 0.6233333333333333,
    "n": 300
  },
  "5": {
    "full_fresh": 0.43333333333333335,
    "freeze_all": 0.37333333333333335,
    "freeze_A_only": 0.42,
    "freeze_B_only": 0.4033333333333333,
    "freeze_A_B": 0.4066666666666667,
    "oracle": 0.44,
    "sibling": 0.37333333333333335,
    "n": 300
  }
}