{
  "1": {
    "freeze": {
      "a_frozen": {
        "n": 300,
        "normal_seq_acc": 0.44333333333333336,
        "normal_flags_acc": 0.9766666666666667,
        "frozen_seq_acc": 0.5866666666666667,
        "frozen_flags_acc": 1.0,
        "seq_deg": -0.1433333333333333,
        "flag_deg": -0.023333333333333317,
        "mean_cos_sim": 0.886119812130928
      },
      "b_frozen": {
        "n": 300,
        "normal_seq_acc": 0.52,
        "normal_flags_acc": 0.9766666666666667,
        "frozen_seq_acc": 0.43666666666666665,
        "frozen_flags_acc": 0.9766666666666667,
        "seq_deg": 0.08333333333333337,
        "flag_deg": 0.0,
        "mean_cos_sim": 0.8906820712486903
      }
    },
    "property_append": {
      "n": 300,
      "hybrid_pickup_pct": 0.48333333333333334,
      "full_fresh_pickup_pct": 0.51,
      "base_contamination": 0.0,
      "a_flags_preserved_pct": 0.95,
      "b_flags_preserved_pct": 0.9566666666666667,
      "hybrid_pickup_a_side": 0.47333333333333333,
      "hybrid_pickup_b_side": 0.49333333333333335
    },
    "attribution": {
      "n": 300,
      "seq_exact_match": 0.9866666666666667,
      "token_accuracy": 0.9986275048037332
    }
  },
  "2": {
    "freeze": {
      "a_frozen": {
        "n": 300,
        "normal_seq_acc": 0.47333333333333333,
        "normal_flags_acc": 0.9766666666666667,
        "frozen_seq_acc": 0.6566666666666666,
        "frozen_flags_acc": 0.98,
        "seq_deg": -0.1833333333333333,
        "flag_deg": -0.0033333333333332993,
        "mean_cos_sim": 0.8997622607151667
      },
      "b_frozen": {
        "n": 300,
        "normal_seq_acc": 0.53,
        "normal_flags_acc": 0.9766666666666667,
        "frozen_seq_acc": 0.36,
        "frozen_flags_acc": 0.9866666666666667,
        "seq_deg": 0.17000000000000004,
        "flag_deg": -0.010000000000000009,
        "mean_cos_sim": 0.8980462821324666
      }
    },
    "property_append": {
      "n": 300,
      "hybrid_pickup_pct": 0.4666666666666667,
      "full_fresh_pickup_pct": 0.5233333333333333,
      "base_contamination": 0.0,
      "a_flags_preserved_pct": 0.9333333333333333,
      "b_flags_preserved_pct": 0.9466666666666667,
      "hybrid_pickup_a_side": 0.4866666666666667,
      "hybrid_pickup_b_side": 0.44666666666666666
    },
    "attribution": {
      "n": 300,
      "seq_exact_match": 0.95,
      "token_accuracy": 0.993137524018666
    }
  },
  "3": {
    "freeze": {
      "a_frozen": {
        "n": 300,
        "normal_seq_acc": 0.49333333333333335,
        "normal_flags_acc": 0.9766666666666667,
        "frozen_seq_acc": 0.6566666666666666,
        "frozen_flags_acc": 0.9766666666666667,
        "seq_deg": -0.16333333333333327,
        "flag_deg": 0.0,
        "mean_cos_sim": 0.8988154810667038
      },
      "b_frozen": {
        "n": 300,
        "normal_seq_acc": 0.49,
        "normal_flags_acc": 0.9766666666666667,
        "frozen_seq_acc": 0.38,
        "frozen_flags_acc": 0.9766666666666667,
        "seq_deg": 0.10999999999999999,
        "flag_deg": 0.0,
        "mean_cos_sim": 0.9118631048997243
      }
    },
    "property_append": {
      "n": 300,
      "hybrid_pickup_pct": 0.47,
      "full_fresh_pickup_pct": 0.54,
      "base_contamination": 0.0,
      "a_flags_preserved_pct": 0.9633333333333334,
      "b_flags_preserved_pct": 0.9566666666666667,
      "hybrid_pickup_a_side": 0.4866666666666667,
      "hybrid_pickup_b_side": 0.4533333333333333
    },
    "attribution": {
      "n": 300,
      "seq_exact_match": 0.9933333333333333,
      "token_accuracy": 0.9991765028822399
    }
  },
  "4": {
    "freeze": {
      "a_frozen": {
        "n": 300,
        "normal_seq_acc": 0.4666666666666667,
        "normal_flags_acc": 0.9766666666666667,
        "frozen_seq_acc": 0.5633333333333334,
        "frozen_flags_acc": 0.9466666666666667,
        "seq_deg": -0.09666666666666668,
        "flag_deg": 0.030000000000000027,
        "mean_cos_sim": 0.8640419002374014
      },
      "b_frozen": {
        "n": 300,
        "normal_seq_acc": 0.5033333333333333,
        "normal_flags_acc": 0.9766666666666667,
        "frozen_seq_acc": 0.35,
        "frozen_flags_acc": 0.95,
        "seq_deg": 0.15333333333333332,
        "flag_deg": 0.026666666666666727,
        "mean_cos_sim": 0.864326826731364
      }
    },
    "property_append": {
      "n": 300,
      "hybrid_pickup_pct": 0.5233333333333333,
      "full_fresh_pickup_pct": 0.5366666666666666,
      "base_contamination": 0.0,
      "a_flags_preserved_pct": 0.9333333333333333,
      "b_flags_preserved_pct": 0.94,
      "hybrid_pickup_a_side": 0.54,
      "hybrid_pickup_b_side": 0.5066666666666667
    },
    "attribution": {
      "n": 300,
      "seq_exact_match": 0.98,
      "token_accuracy": 0.9956080153719462
    }
  },
  "5": {
    "freeze": {
      "a_frozen": {
        "n": 300,
        "normal_seq_acc": 0.48,
        "normal_flags_acc": 0.9766666666666667,
        "frozen_seq_acc": 0.5666666666666667,
        "frozen_flags_acc": 0.9766666666666667,
        "seq_deg": -0.08666666666666667,
        "flag_deg": 0.0,
        "mean_cos_sim": 0.8922966929276784
      },
      "b_frozen": {
        "n": 300,
        "normal_seq_acc": 0.47,
        "normal_flags_acc": 0.9766666666666667,
        "frozen_seq_acc": 0.37666666666666665,
        "frozen_flags_acc": 0.9766666666666667,
        "seq_deg": 0.09333333333333332,
        "flag_deg": 0.0,
        "mean_cos_sim": 0.8971047673622767
      }
    },
    "property_append": {
      "n": 300,
      "hybrid_pickup_pct": 0.5066666666666667,
      "full_fresh_pickup_pct": 0.5433333333333333,
      "base_contamination": 0.0,
      "a_flags_preserved_pct": 0.93,
      "b_flags_preserved_pct": 0.9033333333333333,
      "hybrid_pickup_a_side": 0.4666666666666667,
      "hybrid_pickup_b_side": 0.5466666666666666
    },
    "attribution": {
      "n": 300,
      "seq_exact_match": 0.9933333333333333,
      "token_accuracy": 0.9986275048037332
    }
  }
}